first_name,second_name,team_name,player_position,player_cost,minutes,goals_scored,assists,clean_sheets,bonus,bps,influence,creativity,threat,ict_index,expected_goals,expected_assists,expected_goal_involvements,expected_goals_conceded
David,Raya Martín,Arsenal,GKP,5.5,3420,0,0,13,10,555,755.4,10.7,0.0,76.7,0.00,0.03,0.03,35.03
Kepa,Arrizabalaga Revuelta,Arsenal,GKP,4.5,2790,0,0,8,7,406,744.4,10.4,4.0,75.8,0.06,0.03,0.09,38.83
Karl,Hein,Arsenal,GKP,4.0,0,0,0,0,0,0,0.0,0.0,0.0,0.0,0.00,0.00,0.00,0.00
Tommy,Setford,Arsenal,GKP,4.0,0,0,0,0,0,0,0.0,0.0,0.0,0.0,0.00,0.00,0.00,0.00
Gabriel,dos Santos Magalhães,Arsenal,DEF,6.0,2363,3,2,10,9,459,584.6,208.8,287.0,108.2,2.70,1.21,3.91,23.09
William,Saliba,Arsenal,DEF,6.0,3039,2,0,12,14,564,672.6,150.1,116.0,94.2,2.42,1.28,3.70,30.32
Riccardo,Calafiori,Arsenal,DEF,5.5,978,2,1,1,1,142,252.6,118.2,176.0,54.6,0.86,0.69,1.55,10.28
Jurriën,Timber,Arsenal,DEF,5.5,2415,1,3,11,9,426,393.0,296.8,254.0,94.2,1.23,1.30,2.53,21.09
Jakub,Kiwior,Arsenal,DEF,5.5,1117,1,0,3,2,178,267.2,91.3,32.0,39.2,0.17,0.29,0.46,14.71
Myles,Lewis-Skelly,Arsenal,DEF,5.5,1362,1,0,5,0,237,176.0,170.7,57.0,40.0,0.16,0.51,0.67,16.65
Benjamin,White,Arsenal,DEF,5.5,1195,0,2,5,0,211,247.6,162.6,100.0,51.0,0.46,1.30,1.76,16.88
Oleksandr,Zinchenko,Arsenal,DEF,5.0,518,0,1,4,2,141,83.4,92.8,66.0,24.1,0.65,0.52,1.17,3.21
Brayden,Clarke,Arsenal,DEF,4.0,0,0,0,0,0,0,0.0,0.0,0.0,0.0,0.00,0.00,0.00,0.00
Maldini,Kacurri,Arsenal,DEF,4.0,0,0,0,0,0,0,0.0,0.0,0.0,0.0,0.00,0.00,0.00,0.00
Josh,Nichols,Arsenal,DEF,4.0,0,0,0,0,0,0,0.0,0.0,0.0,0.0,0.00,0.00,0.00,0.00
Bukayo,Saka,Arsenal,MID,10.0,1724,6,11,7,18,508,606.0,842.8,830.0,227.9,6.87,7.78,14.65,17.72
Martin,Ødegaard,Arsenal,MID,8.0,2321,3,9,11,11,529,524.6,968.7,493.0,198.8,4.85,6.68,11.53,22.16
Noni,Madueke,Arsenal,MID,7.0,2028,7,5,6,12,425,479.2,475.1,998.0,195.3,9.62,2.86,12.48,29.55
Gabriel,Martinelli Silva,Arsenal,MID,7.0,2284,8,4,10,6,422,559.8,587.8,912.0,206.1,7.13,4.46,11.59,26.22
Leandro,Trossard,Arsenal,MID,7.0,2546,8,8,11,18,561,609.0,617.6,798.0,202.1,6.74,4.12,10.86,24.76
Declan,Rice,Arsenal,MID,6.5,2823,4,7,11,17,627,733.0,959.6,399.0,208.8,3.51,5.64,9.14,27.13
Mikel,Merino Zazón,Arsenal,MID,6.0,1575,7,2,4,8,326,456.8,265.8,511.0,123.3,5.75,1.18,6.93,15.71
Fábio,Ferreira Vieira,Arsenal,MID,5.5,0,0,0,0,0,0,0.0,0.0,0.0,0.0,0.00,0.00,0.00,0.00
Christian,Nørgaard,Arsenal,MID,5.5,2820,5,5,6,7,580,735.4,333.0,409.0,147.9,4.23,1.38,5.61,44.54
Ethan,Nwaneri,Arsenal,MID,5.5,882,4,2,4,4,251,293.2,282.8,255.0,83.0,1.19,1.78,2.97,5.38
Martín,Zubimendi Ibáñez,Arsenal,MID,5.5,0,0,0,0,0,0,0.0,0.0,0.0,0.0,0.00,0.00,0.00,0.00
Reiss,Nelson,Arsenal,MID,5.0,483,1,1,1,2,143,131.6,223.9,195.0,55.1,1.07,0.96,2.03,6.13
Ismeal,Kabia,Arsenal,MID,4.5,0,0,0,0,0,0,0.0,0.0,0.0,0.0,0.00,0.00,0.00,0.00
Albert,Sambi Lokonga,Arsenal,MID,4.5,0,0,0,0,0,0,0.0,0.0,0.0,0.0,0.00,0.00,0.00,0.00
Kai,Havertz,Arsenal,FWD,7.5,1872,9,3,7,14,343,467.6,269.0,711.0,144.8,9.53,1.65,11.18,19.32
Gabriel,Fernando de Jesus,Arsenal,FWD,6.5,600,3,2,2,6,152,154.4,119.5,255.0,52.6,3.05,0.52,3.57,5.82
Cristhian,Mosquera,Arsenal,DEF,5.5,0,0,0,0,0,0,0.0,0.0,0.0,0.0,0.00,0.00,0.00,0.00
Viktor,Gyökeres,Arsenal,FWD,9.0,0,0,0,0,0,0,0.0,0.0,0.0,0.0,0.00,0.00,0.00,0.00
Emiliano,Martínez Romero,Aston Villa,GKP,5.0,3195,0,0,8,6,457,839.6,20.0,0.0,86.0,0.00,0.02,0.02,44.99
Marco,Bizot,Aston Villa,GKP,4.5,0,0,0,0,0,0,0.0,0.0,0.0,0.0,0.00,0.00,0.00,0.00
Joe,Gauci,Aston Villa,GKP,4.0,0,0,0,0,0,0,0.0,0.0,0.0,0.0,0.00,0.00,0.00,0.00
Filip,Marschall,Aston Villa,GKP,4.0,0,0,0,0,0,0,0.0,0.0,0.0,0.0,0.00,0.00,0.00,0.00
Matty,Cash,Aston Villa,DEF,4.5,2069,1,1,7,2,286,359.2,181.0,171.0,71.3,0.48,1.23,1.71,28.64
Lucas,Digne,Aston Villa,DEF,4.5,2348,0,5,6,7,383,512.6,583.9,112.0,120.7,0.80,3.97,4.77,34.94
Ezri,Konsa Ngoyo,Aston Villa,DEF,4.5,2936,2,0,8,10,448,532.8,123.9,166.0,82.4,1.29,0.61,1.90,43.82
Ian,Maatsen,Aston Villa,DEF,4.5,1125,1,2,3,0,204,252.0,293.4,197.0,74.3,0.87,2.43,3.30,17.31
Tyrone,Mings,Aston Villa,DEF,4.5,1119,0,1,4,5,207,220.4,49.2,74.0,34.6,0.88,0.23,1.11,13.20
Pau,Torres,Aston Villa,DEF,4.5,2019,0,0,5,3,254,350.6,84.5,102.0,54.0,0.51,0.43,0.94,29.69
Andrés,García,Aston Villa,DEF,4.0,316,0,0,0,0,26,45.6,68.4,7.0,12.0,0.04,0.49,0.53,6.49
Álex,Moreno Lopera,Aston Villa,DEF,4.0,952,0,1,3,1,126,200.8,134.5,29.0,36.4,0.17,1.10,1.27,13.94
Lamare,Bogarde,Aston Villa,DEF,4.0,473,0,0,0,0,22,84.8,33.3,15.0,13.3,0.04,0.13,0.17,9.28
Lino,da Cruz Sousa,Aston Villa,DEF,4.0,0,0,0,0,0,0,0.0,0.0,0.0,0.0,0.00,0.00,0.00,0.00
Yasin,Özcan,Aston Villa,DEF,4.0,0,0,0,0,0,0,0.0,0.0,0.0,0.0,0.00,0.00,0.00,0.00
Morgan,Rogers,Aston Villa,MID,7.0,3115,8,11,10,15,534,731.6,722.7,689.0,214.3,6.49,5.24,11.73,43.70
Youri,Tielemans,Aston Villa,MID,6.0,3025,3,7,7,15,686,799.6,963.1,333.0,209.6,3.31,5.83,9.14,43.87
Leon,Bailey,Aston Villa,MID,5.5,1132,1,2,2,2,174,146.4,235.8,325.0,70.3,1.73,2.92,4.65,13.91
Emiliano,Buendía Stati,Aston Villa,MID,5.5,89,0,0,0,0,37,16.4,23.2,16.0,5.2,0.65,0.03,0.68,2.27
Samuel,Iling-Junior,Aston Villa,MID,5.5,0,0,0,0,0,0,0.0,0.0,0.0,0.0,0.00,0.00,0.00,0.00
Jacob,Ramsey,Aston Villa,MID,5.5,1616,1,4,5,3,265,235.4,307.9,245.0,78.7,1.59,2.18,3.77,23.99
Donyell,Malen,Aston Villa,MID,5.5,296,3,0,0,3,112,138.2,42.7,208.0,38.5,2.15,0.15,2.30,4.77
John,McGinn,Aston Villa,MID,5.5,2217,1,4,8,1,360,277.2,500.6,263.0,103.7,3.10,2.70,5.80,35.03
Ross,Barkley,Aston Villa,MID,5.0,567,3,1,1,5,166,215.4,128.1,206.0,54.8,1.79,0.43,2.22,6.32
Enzo,Barrenechea,Aston Villa,MID,5.0,0,0,0,0,0,0,0.0,0.0,0.0,0.0,0.00,0.00,0.00,0.00
Lewis,Dobbin,Aston Villa,MID,5.0,0,0,0,0,0,0,0.0,0.0,0.0,0.0,0.00,0.00,0.00,0.00
Boubacar,Kamara,Aston Villa,MID,5.0,1720,1,0,6,3,296,326.6,191.0,83.0,60.2,0.82,0.83,1.65,23.03
Amadou,Onana,Aston Villa,MID,5.0,1613,3,0,6,5,324,358.0,194.8,215.0,77.0,2.12,0.84,2.96,23.66
Ben,Broggio,Aston Villa,MID,4.5,0,0,0,0,0,0,0.0,0.0,0.0,0.0,0.00,0.00,0.00,0.00
Leander,Dendoncker,Aston Villa,MID,4.5,0,0,0,0,0,0,0.0,0.0,0.0,0.0,0.00,0.00,0.00,0.00
Jamaldeen,Jimoh-Aloba,Aston Villa,MID,4.5,0,0,0,0,0,0,0.0,0.0,0.0,0.0,0.00,0.00,0.00,0.00
Kadan,Young,Aston Villa,MID,4.5,0,0,0,0,0,0,0.0,0.0,0.0,0.0,0.00,0.00,0.00,0.00
Ollie,Watkins,Aston Villa,FWD,9.0,2593,16,8,10,32,631,766.0,345.2,1148.0,223.8,15.12,2.07,17.19,38.62
Zépiqueno,Redmond,Aston Villa,FWD,4.5,0,0,0,0,0,0,0.0,0.0,0.0,0.0,0.00,0.00,0.00,0.00
Evann,Guessand,Aston Villa,MID,6.5,0,0,0,0,0,0,0.0,0.0,0.0,0.0,0.00,0.00,0.00,0.00
Max,Weiß,Burnley,GKP,4.5,0,0,0,0,0,0,0.0,0.0,0.0,0.0,0.00,0.00,0.00,0.00
Etienne,Green,Burnley,GKP,4.0,0,0,0,0,0,0,0.0,0.0,0.0,0.0,0.00,0.00,0.00,0.00
Václav,Hladký,Burnley,GKP,4.0,0,0,0,0,0,0,0.0,0.0,0.0,0.0,0.00,0.00,0.00,0.00
Connor,Roberts,Burnley,DEF,4.5,0,0,0,0,0,0,0.0,0.0,0.0,0.0,0.00,0.00,0.00,0.00
Kyle,Walker,Burnley,DEF,4.5,966,0,0,0,0,63,157.4,147.7,29.0,33.5,0.12,1.34,1.46,19.26
Hannes,Delcroix,Burnley,DEF,4.0,0,0,0,0,0,0,0.0,0.0,0.0,0.0,0.00,0.00,0.00,0.00
Owen,Dodgson,Burnley,DEF,4.0,0,0,0,0,0,0,0.0,0.0,0.0,0.0,0.00,0.00,0.00,0.00
Hjalmar,Ekdal,Burnley,DEF,4.0,0,0,0,0,0,0,0.0,0.0,0.0,0.0,0.00,0.00,0.00,0.00
Maxime,Estève,Burnley,DEF,4.0,0,0,0,0,0,0,0.0,0.0,0.0,0.0,0.00,0.00,0.00,0.00
Quilindschy,Hartman,Burnley,DEF,4.0,0,0,0,0,0,0,0.0,0.0,0.0,0.0,0.00,0.00,0.00,0.00
Bashir,Humphreys,Burnley,DEF,4.0,0,0,0,0,0,0,0.0,0.0,0.0,0.0,0.00,0.00,0.00,0.00
Jordan,Beyer,Burnley,DEF,4.0,0,0,0,0,0,0,0.0,0.0,0.0,0.0,0.00,0.00,0.00,0.00
Lucas,Pires Silva,Burnley,DEF,4.0,0,0,0,0,0,0,0.0,0.0,0.0,0.0,0.00,0.00,0.00,0.00
Shurandy,Sambo,Burnley,DEF,4.0,0,0,0,0,0,0,0.0,0.0,0.0,0.0,0.00,0.00,0.00,0.00
Oliver,Sonne,Burnley,DEF,4.0,0,0,0,0,0,0,0.0,0.0,0.0,0.0,0.00,0.00,0.00,0.00
Axel,Tuanzebe,Burnley,DEF,4.0,1710,0,1,1,0,80,284.4,93.4,25.0,40.1,0.21,0.26,0.47,32.01
Joe,Worrall,Burnley,DEF,4.0,0,0,0,0,0,0,0.0,0.0,0.0,0.0,0.00,0.00,0.00,0.00
Jaidon,Anthony,Burnley,MID,5.5,0,0,0,0,0,0,0.0,0.0,0.0,0.0,0.00,0.00,0.00,0.00
Manuel,Benson Hedilazio,Burnley,MID,5.5,0,0,0,0,0,0,0.0,0.0,0.0,0.0,0.00,0.00,0.00,0.00
Jacob,Bruun Larsen,Burnley,MID,5.5,0,0,0,0,0,0,0.0,0.0,0.0,0.0,0.00,0.00,0.00,0.00
Enock,Agyei,Burnley,MID,5.0,0,0,0,0,0,0,0.0,0.0,0.0,0.0,0.00,0.00,0.00,0.00
Darko,Churlinov,Burnley,MID,5.0,0,0,0,0,0,0,0.0,0.0,0.0,0.0,0.00,0.00,0.00,0.00
Josh,Cullen,Burnley,MID,5.0,0,0,0,0,0,0,0.0,0.0,0.0,0.0,0.00,0.00,0.00,0.00
Marcus,Edwards,Burnley,MID,5.0,0,0,0,0,0,0,0.0,0.0,0.0,0.0,0.00,0.00,0.00,0.00
Hannibal,Mejbri,Burnley,MID,5.0,0,0,0,0,0,0,0.0,0.0,0.0,0.0,0.00,0.00,0.00,0.00
Luca,Koleosho,Burnley,MID,5.0,0,0,0,0,0,0,0.0,0.0,0.0,0.0,0.00,0.00,0.00,0.00
Josh,Laurent,Burnley,MID,5.0,0,0,0,0,0,0,0.0,0.0,0.0,0.0,0.00,0.00,0.00,0.00
Loum,Tchaouna,Burnley,MID,5.0,0,0,0,0,0,0,0.0,0.0,0.0,0.0,0.00,0.00,0.00,0.00
Aaron,Ramsey,Burnley,MID,4.5,0,0,0,0,0,0,0.0,0.0,0.0,0.0,0.00,0.00,0.00,0.00
Oluwaseun,Adewumi,Burnley,MID,4.5,0,0,0,0,0,0,0.0,0.0,0.0,0.0,0.00,0.00,0.00,0.00
Jaydon,Banel,Burnley,MID,4.5,0,0,0,0,0,0,0.0,0.0,0.0,0.0,0.00,0.00,0.00,0.00
Mike,Trésor Ndayishimiye,Burnley,MID,4.5,0,0,0,0,0,0,0.0,0.0,0.0,0.0,0.00,0.00,0.00,0.00
Zian,Flemming,Burnley,FWD,5.5,0,0,0,0,0,0,0.0,0.0,0.0,0.0,0.00,0.00,0.00,0.00
Zeki,Amdouni,Burnley,FWD,5.0,0,0,0,0,0,0,0.0,0.0,0.0,0.0,0.00,0.00,0.00,0.00
Lyle,Foster,Burnley,FWD,5.0,0,0,0,0,0,0,0.0,0.0,0.0,0.0,0.00,0.00,0.00,0.00
Ashley,Barnes,Burnley,FWD,4.5,0,0,0,0,0,0,0.0,0.0,0.0,0.0,0.00,0.00,0.00,0.00
Michael,Obafemi,Burnley,FWD,4.5,0,0,0,0,0,0,0.0,0.0,0.0,0.0,0.00,0.00,0.00,0.00
Martin,Dúbravka,Burnley,GKP,4.0,900,0,0,5,2,160,220.2,0.0,0.0,22.0,0.00,0.00,0.00,11.19
Lesley,Ugochukwu,Burnley,MID,5.0,0,0,0,0,0,0,0.0,0.0,0.0,0.0,0.00,0.00,0.00,0.00
Armando,Broja,Burnley,FWD,5.5,0,0,0,0,0,0,0.0,0.0,0.0,0.0,0.00,0.00,0.00,0.00
Norberto,Murara Neto,Bournemouth,GKP,4.5,180,0,0,0,0,30,77.8,0.0,0.0,7.8,0.00,0.00,0.00,2.91
Đorđe,Petrović,Bournemouth,GKP,4.5,0,0,0,0,0,0,0.0,0.0,0.0,0.0,0.00,0.00,0.00,0.00
Will,Dennis,Bournemouth,GKP,4.0,0,0,0,0,0,0,0.0,0.0,0.0,0.0,0.00,0.00,0.00,0.00
Callan,McKenna,Bournemouth,GKP,4.0,0,0,0,0,0,0,0.0,0.0,0.0,0.0,0.00,0.00,0.00,0.00
Alex,Paulsen,Bournemouth,GKP,4.0,0,0,0,0,0,0,0.0,0.0,0.0,0.0,0.00,0.00,0.00,0.00
Illia,Zabarnyi,Bournemouth,DEF,5.0,3109,0,1,8,8,429,651.4,177.0,88.0,92.0,1.20,0.76,1.96,42.54
Marcos,Senesi Barón,Bournemouth,DEF,4.5,1103,0,0,2,3,114,271.6,84.2,39.0,39.6,0.84,0.48,1.32,14.76
Adam,Smith,Bournemouth,DEF,4.5,1586,0,0,6,0,161,181.8,147.2,24.0,35.0,0.65,0.68,1.33,19.04
Adrien,Truffert,Bournemouth,DEF,4.5,0,0,0,0,0,0,0.0,0.0,0.0,0.0,0.00,0.00,0.00,0.00
Matai,Akinmboni,Bournemouth,DEF,4.0,0,0,0,0,0,0,0.0,0.0,0.0,0.0,0.00,0.00,0.00,0.00
Owen,Bevan,Bournemouth,DEF,4.0,0,0,0,0,0,0,0.0,0.0,0.0,0.0,0.00,0.00,0.00,0.00
James,Hill,Bournemouth,DEF,4.0,443,0,1,1,0,55,97.0,38.4,29.0,16.6,0.29,0.25,0.54,8.54
Julián,Araujo Zúñiga,Bournemouth,DEF,4.0,492,0,0,0,0,20,56.8,30.6,4.0,9.2,0.00,0.10,0.10,9.69
Chris,Mepham,Bournemouth,DEF,4.0,0,0,0,0,0,0,0.0,0.0,0.0,0.0,0.00,0.00,0.00,0.00
Julio,Soler Barreto,Bournemouth,DEF,4.0,9,0,0,0,0,8,2.2,1.8,0.0,0.4,0.00,0.00,0.00,0.08
Justin,Kluivert,Bournemouth,MID,7.0,2339,12,6,13,14,532,700.0,654.1,771.0,212.0,10.05,3.66,13.71,32.60
Antoine,Semenyo,Bournemouth,MID,7.0,3202,11,7,11,14,571,792.2,688.9,1204.0,267.8,9.51,4.43,13.94,44.18
Dango,Ouattara,Bournemouth,MID,6.0,1998,7,4,7,7,432,624.6,496.8,754.0,187.2,8.42,3.24,11.66,31.96
Marcus,Tavernier,Bournemouth,MID,5.5,1932,3,7,4,4,362,447.0,664.8,442.0,155.4,5.51,3.65,9.16,25.42
Tyler,Adams,Bournemouth,MID,5.0,1959,0,3,6,1,315,411.8,261.2,83.0,75.9,1.33,0.76,2.09,29.26
David,Brooks,Bournemouth,MID,5.0,941,2,1,3,2,204,193.6,316.7,300.0,80.4,2.58,2.02,4.60,15.03
Ryan,Christie,Bournemouth,MID,5.0,2114,2,3,8,5,435,514.0,576.8,303.0,139.6,2.14,2.90,5.04,30.17
Lewis,Cook,Bournemouth,MID,5.0,2976,1,4,5,3,500,607.0,727.1,114.0,144.9,0.94,3.76,4.70,45.25
Philip,Billing,Bournemouth,MID,5.0,176,0,0,0,0,52,54.0,102.4,47.0,20.4,0.55,0.97,1.52,3.35
Alex,Scott,Bournemouth,MID,5.0,745,0,0,3,0,132,141.6,171.6,118.0,43.2,0.73,1.00,1.73,10.14
Luis,Sinisterra Lucumí,Bournemouth,MID,5.0,229,1,1,0,2,90,112.0,115.3,195.0,42.3,1.18,1.29,2.47,4.08
Romain,Faivre,Bournemouth,MID,4.5,0,0,0,0,0,0,0.0,0.0,0.0,0.0,0.00,0.00,0.00,0.00
Hamed,Traorè,Bournemouth,MID,4.5,0,0,0,0,0,0,0.0,0.0,0.0,0.0,0.00,0.00,0.00,0.00
Dominic,Sadi,Bournemouth,MID,4.5,0,0,0,0,0,0,0.0,0.0,0.0,0.0,0.00,0.00,0.00,0.00
Zain,Silcott-Duberry,Bournemouth,MID,4.5,1,0,0,0,0,5,2.0,1.0,0.0,0.3,0.00,0.00,0.00,0.04
Ben,Winterburn,Bournemouth,MID,4.5,22,0,0,0,0,14,2.4,0.2,2.0,0.4,0.00,0.00,0.00,0.16
Francisco Evanilson,de Lima Barbosa,Bournemouth,FWD,7.0,2317,10,5,11,20,487,456.0,331.9,966.0,174.8,12.47,1.74,14.21,26.78
Enes,Ünal,Bournemouth,FWD,5.5,330,2,1,2,4,97,104.0,56.1,207.0,35.9,2.73,0.26,2.99,6.38
Daniel,Adu-Adjei,Bournemouth,FWD,4.5,0,0,0,0,0,0,0.0,0.0,0.0,0.0,0.00,0.00,0.00,0.00
Eli Junior,Kroupi,Bournemouth,FWD,4.5,0,0,0,0,0,0,0.0,0.0,0.0,0.0,0.00,0.00,0.00,0.00
Bafodé,Diakité,Bournemouth,DEF,4.5,0,0,0,0,0,0,0.0,0.0,0.0,0.0,0.00,0.00,0.00,0.00
Caoimhín,Kelleher,Brentford,GKP,4.5,900,0,0,4,1,156,224.2,0.0,0.0,22.4,0.00,0.00,0.00,11.09
Ellery,Balcombe,Brentford,GKP,4.0,0,0,0,0,0,0,0.0,0.0,0.0,0.0,0.00,0.00,0.00,0.00
Matthew,Cox,Brentford,GKP,4.0,0,0,0,0,0,0,0.0,0.0,0.0,0.0,0.00,0.00,0.00,0.00
Julian,Eyestone,Brentford,GKP,4.0,0,0,0,0,0,0,0.0,0.0,0.0,0.0,0.00,0.00,0.00,0.00
Hákon Rafn,Valdimarsson,Brentford,GKP,4.0,144,0,0,0,0,14,21.4,0.1,0.0,2.1,0.00,0.00,0.00,1.49
Nathan,Collins,Brentford,DEF,5.0,3420,2,7,8,11,549,1023.2,160.5,311.0,149.6,2.44,1.57,4.01,56.31
Keane,Lewis-Potter,Brentford,DEF,5.0,3092,1,5,8,0,460,542.0,462.2,391.0,139.9,2.96,4.94,7.90,50.62
Kristoffer,Ajer,Brentford,DEF,4.5,1433,0,0,3,0,120,199.0,128.1,158.0,48.5,0.97,0.48,1.45,21.70
Rico,Henry,Brentford,DEF,4.5,94,0,0,0,0,5,13.6,2.1,2.0,1.7,0.00,0.01,0.01,2.16
Michael,Kayode,Brentford,DEF,4.5,523,0,1,2,0,115,105.2,105.2,30.0,24.2,0.19,0.70,0.89,6.66
Ethan,Pinnock,Brentford,DEF,4.5,1912,2,0,2,0,233,540.2,101.2,193.0,83.6,1.08,0.64,1.72,34.33
Mads,Roerslev Rasmussen,Brentford,DEF,4.5,1100,0,2,2,0,125,214.4,185.8,78.0,48.0,0.20,2.09,2.29,21.52
Sepp,van den Berg,Brentford,DEF,4.5,2584,0,1,5,1,266,587.4,108.3,226.0,92.3,2.09,0.52,2.61,44.61
Benjamin,Arthur,Brentford,DEF,4.0,0,0,0,0,0,0,0.0,0.0,0.0,0.0,0.00,0.00,0.00,0.00
Benjamin,Fredrick,Brentford,DEF,4.0,0,0,0,0,0,0,0.0,0.0,0.0,0.0,0.00,0.00,0.00,0.00
Aaron,Hickey,Brentford,DEF,4.0,0,0,0,0,0,0,0.0,0.0,0.0,0.0,0.00,0.00,0.00,0.00
Kim,Ji-soo,Brentford,DEF,4.0,28,0,0,0,0,8,5.0,0.8,0.0,0.6,0.00,0.00,0.00,0.32
Jayden,Meghoma,Brentford,DEF,4.0,4,0,0,0,0,3,0.2,0.3,0.0,0.1,0.00,0.00,0.00,0.14
Kevin,Schade,Brentford,MID,7.0,2281,11,4,10,12,498,630.8,312.7,892.0,183.3,8.45,1.75,10.20,30.66
Mikkel,Damsgaard,Brentford,MID,6.0,2911,2,10,11,10,611,714.8,1006.4,338.0,205.9,2.91,7.01,9.92,45.60
Antoni,Milambo,Brentford,MID,5.5,0,0,0,0,0,0,0.0,0.0,0.0,0.0,0.00,0.00,0.00,0.00
Fábio,Freitas Gouveia Carvalho,Brentford,MID,5.0,443,2,1,0,1,127,142.2,71.5,154.0,36.3,2.49,0.54,3.03,11.46
Jordan,Henderson,Brentford,MID,5.0,0,0,0,0,0,0,0.0,0.0,0.0,0.0,0.00,0.00,0.00,0.00
Vitaly,Janelt,Brentford,MID,5.0,2251,1,3,6,2,384,356.6,284.2,131.0,77.2,0.83,2.38,3.21,37.37
Mathias,Jensen,Brentford,MID,5.0,846,0,2,2,1,179,157.0,249.5,32.0,43.8,0.23,1.75,1.98,16.41
Gustavo,Nunes Fernandes Gomes,Brentford,MID,5.0,11,0,0,0,0,11,10.0,0.3,2.0,1.2,0.00,0.00,0.00,0.35
Frank,Onyeka,Brentford,MID,5.0,23,0,0,0,0,3,0.0,0.5,0.0,0.0,0.00,0.02,0.02,0.69
Yehor,Yarmoliuk,Brentford,MID,5.0,1435,0,0,3,0,255,259.6,196.1,89.0,54.4,0.62,0.91,1.53,26.43
Romelle,Donovan,Brentford,MID,4.5,0,0,0,0,0,0,0.0,0.0,0.0,0.0,0.00,0.00,0.00,0.00
Yunus Emre,Konak,Brentford,MID,4.5,53,0,0,0,0,30,8.0,4.5,3.0,1.2,0.15,0.00,0.15,1.79
Paris,Maghoma,Brentford,MID,4.5,112,0,0,0,0,32,27.8,15.8,10.0,5.4,0.12,0.04,0.16,1.89
Myles,Peart-Harris,Brentford,MID,4.5,0,0,0,0,0,0,0.0,0.0,0.0,0.0,0.00,0.00,0.00,0.00
Ryan,Trevitt,Brentford,MID,4.5,3,0,0,0,0,5,2.6,0.1,0.0,0.3,0.00,0.00,0.00,0.00
Yoane,Wissa,Brentford,FWD,7.5,2921,18,6,9,32,739,849.4,400.0,1181.0,242.4,18.58,2.20,20.77,45.12
Igor Thiago,Nascimento Rodrigues,Brentford,FWD,6.0,167,0,0,0,0,32,18.2,30.6,12.0,5.8,0.13,0.04,0.17,3.54
Iwan,Morgan,Brentford,FWD,4.5,0,0,0,0,0,0,0.0,0.0,0.0,0.0,0.00,0.00,0.00,0.00
Jason,Steele,Brighton,GKP,4.5,180,0,0,1,1,46,40.4,0.0,0.0,4.1,0.00,0.00,0.00,1.88
Bart,Verbruggen,Brighton,GKP,4.5,3240,0,1,7,6,366,849.8,10.0,0.0,85.8,0.00,0.01,0.01,53.10
Tom,McGill,Brighton,GKP,4.0,0,0,0,0,0,0,0.0,0.0,0.0,0.0,0.00,0.00,0.00,0.00
Carl,Rushworth,Brighton,GKP,4.0,0,0,0,0,0,0,0.0,0.0,0.0,0.0,0.00,0.00,0.00,0.00
Kjell,Scherpen,Brighton,GKP,4.0,0,0,0,0,0,0,0.0,0.0,0.0,0.0,0.00,0.00,0.00,0.00
Olivier,Boscagli,Brighton,DEF,4.5,0,0,0,0,0,0,0.0,0.0,0.0,0.0,0.00,0.00,0.00,0.00
Diego,Coppola,Brighton,DEF,4.5,0,0,0,0,0,0,0.0,0.0,0.0,0.0,0.00,0.00,0.00,0.00
Maxim,De Cuyper,Brighton,DEF,4.5,0,0,0,0,0,0,0.0,0.0,0.0,0.0,0.00,0.00,0.00,0.00
Lewis,Dunk,Brighton,DEF,4.5,2081,0,1,4,0,223,425.4,115.7,128.0,66.9,0.81,1.02,1.83,35.69
Pervis,Estupiñán Tenorio,Brighton,DEF,4.5,2399,1,1,3,7,313,504.4,530.1,173.0,120.8,1.09,2.43,3.52,39.85
Ferdi,Kadıoğlu,Brighton,DEF,4.5,385,1,0,2,0,59,116.4,83.7,40.0,24.0,0.44,0.31,0.75,9.44
Igor Julio,dos Santos de Paulo,Brighton,DEF,4.5,959,0,0,1,0,113,189.6,54.7,4.0,24.9,0.05,0.25,0.30,17.21
Tariq,Lamptey,Brighton,DEF,4.5,856,2,2,2,1,99,213.6,101.0,52.0,36.8,0.38,0.80,1.18,15.36
Jan Paul,van Hecke,Brighton,DEF,4.5,2960,1,1,7,7,406,736.6,261.8,182.0,118.3,1.32,1.41,2.73,44.67
Joël,Veltman,Brighton,DEF,4.5,1694,0,0,6,7,249,273.0,147.2,59.0,48.1,0.47,1.31,1.78,24.83
Adam,Webster,Brighton,DEF,4.5,885,0,1,4,2,167,198.4,49.7,55.0,30.2,0.25,0.28,0.53,14.26
Eiran,Cashin,Brighton,DEF,4.0,19,0,0,0,0,-2,7.0,0.6,0.0,0.7,0.00,0.00,0.00,0.44
Jacob,Slater,Brighton,DEF,4.0,0,0,0,0,0,0,0.0,0.0,0.0,0.0,0.00,0.00,0.00,0.00
Charlie,Tasker,Brighton,DEF,4.0,0,0,0,0,0,0,0.0,0.0,0.0,0.0,0.00,0.00,0.00,0.00
Mitoma,Kaoru,Brighton,MID,6.5,2597,10,5,6,12,536,670.6,578.0,856.0,210.7,9.19,4.03,13.22,37.05
Georginio,Rutter,Brighton,MID,6.0,1651,5,6,6,1,288,355.4,281.8,404.0,103.0,4.57,1.67,6.24,27.90
Solly,March,Brighton,MID,6.0,161,0,0,0,0,25,24.0,59.6,18.0,10.1,0.09,0.32,0.41,2.82
Yankuba,Minteh,Brighton,MID,6.0,1831,6,5,4,8,398,523.8,448.9,615.0,159.1,4.13,4.99,9.12,28.41
Julio,Enciso Espínola,Brighton,MID,5.5,1155,2,3,2,5,224,250.8,268.9,362.0,87.7,2.82,1.32,4.14,22.10
Brajan,Gruda,Brighton,MID,5.5,676,1,4,1,1,176,196.6,311.6,187.0,69.1,1.15,1.93,3.08,12.66
Jack,Hinshelwood,Brighton,MID,5.5,1839,5,3,6,8,404,394.6,268.1,304.0,97.0,2.74,1.50,4.24,30.09
Matt,O'Riley,Brighton,MID,5.5,929,2,3,2,2,209,211.4,322.5,219.0,75.3,2.76,2.04,4.80,14.27
Abdallah,Sima,Brighton,MID,5.5,0,0,0,0,0,0,0.0,0.0,0.0,0.0,0.00,0.00,0.00,0.00
Yasin,Ayari,Brighton,MID,5.0,1958,2,1,7,3,358,363.2,507.5,247.0,111.7,2.51,2.62,5.13,30.15
Carlos,Baleba,Brighton,MID,5.0,2660,3,1,8,7,490,515.4,343.7,193.0,105.2,3.10,1.21,4.31,39.54
Facundo,Buonanotte,Brighton,MID,5.0,1508,5,2,2,6,299,415.8,415.8,318.0,114.7,4.01,2.29,6.30,29.23
Diego,Gómez Amarilla,Brighton,MID,5.0,507,1,1,0,2,130,124.2,143.2,69.0,33.6,0.82,1.16,1.98,9.28
James,Milner,Brighton,MID,5.0,170,0,0,1,0,27,28.6,66.3,12.0,10.7,0.16,0.15,0.31,1.98
Jeremy,Sarmiento Morante,Brighton,MID,5.0,8,0,0,0,0,3,0.2,0.8,0.0,0.1,0.00,0.00,0.00,0.00
Tom,Watson,Brighton,MID,5.0,0,0,0,0,0,0,0.0,0.0,0.0,0.0,0.00,0.00,0.00,0.00
Mats,Wieffer,Brighton,MID,5.0,1003,1,5,2,4,243,328.8,230.4,129.0,68.5,0.80,1.00,1.80,18.89
Malick,Yalcouyé,Brighton,MID,5.0,0,0,0,0,0,0,0.0,0.0,0.0,0.0,0.00,0.00,0.00,0.00
Joe,Knight,Brighton,MID,4.5,0,0,0,0,0,0,0.0,0.0,0.0,0.0,0.00,0.00,0.00,0.00
Adrian,Mazilu,Brighton,MID,4.5,0,0,0,0,0,0,0.0,0.0,0.0,0.0,0.00,0.00,0.00,0.00
Andrew,Moran,Brighton,MID,4.5,0,0,0,0,0,0,0.0,0.0,0.0,0.0,0.00,0.00,0.00,0.00
Danny,Welbeck,Brighton,FWD,6.5,2109,10,5,7,21,484,550.2,331.3,676.0,155.8,9.58,1.36,10.94,37.40
Evan,Ferguson,Brighton,FWD,5.5,385,1,0,1,2,97,80.0,68.5,104.0,25.0,1.13,0.66,1.79,6.39
Stefanos,Tzimas,Brighton,FWD,5.5,0,0,0,0,0,0,0.0,0.0,0.0,0.0,0.00,0.00,0.00,0.00
Charalampos,Kostoulas,Brighton,FWD,5.0,0,0,0,0,0,0,0.0,0.0,0.0,0.0,0.00,0.00,0.00,0.00
Robert,Lynch Sánchez,Chelsea,GKP,5.0,2880,0,0,10,11,470,755.6,20.0,0.0,77.5,0.00,0.02,0.02,38.55
Filip,Jörgensen,Chelsea,GKP,4.5,540,0,0,1,0,59,157.6,0.0,0.0,15.9,0.00,0.00,0.00,8.83
Mike,Penders,Chelsea,GKP,4.0,0,0,0,0,0,0,0.0,0.0,0.0,0.0,0.00,0.00,0.00,0.00
Gabriel,Słonina,Chelsea,GKP,4.0,0,0,0,0,0,0,0.0,0.0,0.0,0.0,0.00,0.00,0.00,0.00
Marc,Cucurella Saseta,Chelsea,DEF,6.0,2988,5,2,9,14,533,668.6,350.6,358.0,137.9,2.79,2.39,5.18,39.94
Reece,James,Chelsea,DEF,5.5,1057,1,2,3,5,223,207.6,202.1,56.0,46.7,0.45,1.15,1.60,16.10
Trevoh,Chalobah,Chelsea,DEF,5.0,1969,3,1,6,11,379,496.4,124.2,222.0,84.6,1.98,0.64,2.62,27.15
Levi,Samuels Colwill,Chelsea,DEF,5.0,3150,2,1,10,6,461,692.0,214.3,185.0,109.4,1.92,1.31,3.23,43.52
Malo,Gusto,Chelsea,DEF,5.0,1853,0,1,4,2,285,336.8,394.6,147.0,87.9,1.44,1.91,3.35,27.43
Benoît,Badiashile Mukinayi,Chelsea,DEF,4.5,332,0,0,0,0,35,66.0,12.6,0.0,7.9,0.00,0.08,0.08,5.34
Wesley,Fofana,Chelsea,DEF,4.5,1172,0,0,2,2,162,200.2,85.0,33.0,31.9,0.44,0.18,0.62,14.76
Mamadou,Sarr,Chelsea,DEF,4.5,0,0,0,0,0,0,0.0,0.0,0.0,0.0,0.00,0.00,0.00,0.00
Tosin,Adarabioyo,Chelsea,DEF,4.5,1403,1,1,7,7,305,352.2,48.2,92.0,49.6,0.93,0.23,1.16,19.62
Josh,Acheampong,Chelsea,DEF,4.0,168,0,0,0,0,8,13.6,2.5,13.0,2.9,0.22,0.01,0.23,2.09
Aarón,Anselmino,Chelsea,DEF,4.0,0,0,0,0,0,0,0.0,0.0,0.0,0.0,0.00,0.00,0.00,0.00
Cole,Palmer,Chelsea,MID,10.5,3193,15,10,10,35,952,1068.2,1259.2,1052.0,338.0,16.79,9.53,26.32,43.88
Pedro,Lomba Neto,Chelsea,MID,7.0,2262,4,6,8,9,434,492.0,762.7,545.0,180.0,3.48,4.47,7.95,27.98
Enzo,Fernández,Chelsea,MID,6.5,2943,6,8,10,11,691,761.6,1131.6,517.0,241.3,6.23,6.11,12.34,38.06
Estêvão,Almeida de Oliveira Gonçalves,Chelsea,MID,6.5,0,0,0,0,0,0,0.0,0.0,0.0,0.0,0.00,0.00,0.00,0.00
Jamie,Bynoe-Gittens,Chelsea,MID,6.5,0,0,0,0,0,0,0.0,0.0,0.0,0.0,0.00,0.00,0.00,0.00
Christopher,Nkunku,Chelsea,MID,6.0,904,3,2,2,5,190,230.2,204.9,339.0,77.1,5.11,1.01,6.12,16.25
Moisés,Caicedo Corozo,Chelsea,MID,5.5,3351,1,4,12,4,650,627.6,568.8,95.0,129.2,0.81,2.82,3.63,45.42
Tyrique,George,Chelsea,MID,5.0,177,1,1,1,0,55,67.4,72.7,32.0,17.1,0.20,0.26,0.46,1.41
Roméo,Lavia,Chelsea,MID,5.0,792,0,1,3,0,125,113.2,121.7,7.0,24.4,0.25,0.38,0.63,14.33
Mykhailo,Mudryk,Chelsea,MID,5.0,145,0,0,0,0,26,23.2,31.5,31.0,8.5,0.24,0.66,0.90,3.28
Andrey,Nascimento dos Santos,Chelsea,MID,4.5,0,0,0,0,0,0,0.0,0.0,0.0,0.0,0.00,0.00,0.00,0.00
Dário,Luís Essugo,Chelsea,MID,4.5,0,0,0,0,0,0,0.0,0.0,0.0,0.0,0.00,0.00,0.00,0.00
Kendry,Páez Andrade,Chelsea,MID,4.5,0,0,0,0,0,0,0.0,0.0,0.0,0.0,0.00,0.00,0.00,0.00
João Pedro,Junqueira de Jesus,Chelsea,FWD,7.5,1946,10,6,6,26,516,567.0,456.0,644.0,166.0,8.96,3.10,12.06,25.51
Liam,Delap,Chelsea,FWD,6.5,2587,12,2,3,22,472,513.0,290.5,783.0,157.5,9.44,1.38,10.82,53.60
Nicolas,Jackson,Chelsea,FWD,6.5,2220,10,6,11,17,417,546.4,368.3,976.0,187.4,11.68,1.90,13.58,28.47
Jorrel,Hato,Chelsea,DEF,5.0,0,0,0,0,0,0,0.0,0.0,0.0,0.0,0.00,0.00,0.00,0.00
Dean,Henderson,Crystal Palace,GKP,5.0,3420,0,0,11,8,466,853.6,30.0,4.0,88.6,0.01,0.02,0.03,50.33
Walter,Benítez,Crystal Palace,GKP,4.0,0,0,0,0,0,0,0.0,0.0,0.0,0.0,0.00,0.00,0.00,0.00
Remi,Matthews,Crystal Palace,GKP,4.0,0,0,0,0,0,0,0.0,0.0,0.0,0.0,0.00,0.00,0.00,0.00
Daniel,Muñoz Mejía,Crystal Palace,DEF,5.5,3229,4,6,11,9,480,816.6,634.2,524.0,197.6,4.92,3.46,8.38,46.30
Maxence,Lacroix,Crystal Palace,DEF,5.0,3116,1,2,11,9,463,723.8,113.7,277.0,111.4,3.50,1.01,4.51,44.59
Tyrick,Mitchell,Crystal Palace,DEF,5.0,3090,0,6,12,4,455,630.8,559.1,170.0,136.2,1.31,3.67,4.98,46.45
Borna,Sosa,Crystal Palace,DEF,5.0,0,0,0,0,0,0,0.0,0.0,0.0,0.0,0.00,0.00,0.00,0.00
Marc,Guéhi,Crystal Palace,DEF,4.5,3059,3,2,11,11,492,827.0,237.6,247.0,131.0,1.87,2.01,3.88,41.55
Chris,Richards,Crystal Palace,DEF,4.5,1921,1,1,7,2,249,470.8,45.0,181.0,69.6,1.33,0.60,1.93,29.78
Chadi,Riad Dnanou,Crystal Palace,DEF,4.0,90,0,0,0,0,3,18.2,1.3,0.0,2.0,0.00,0.02,0.02,1.39
Nathaniel,Clyne,Crystal Palace,DEF,4.0,477,0,0,1,0,48,66.6,51.8,8.0,12.4,0.02,0.24,0.26,10.11
Rob,Holding,Crystal Palace,DEF,4.0,0,0,0,0,0,0,0.0,0.0,0.0,0.0,0.00,0.00,0.00,0.00
Caleb,Kporha,Crystal Palace,DEF,4.0,11,0,0,0,0,1,8.0,4.6,0.0,1.3,0.00,0.02,0.02,0.06
Eberechi,Eze,Crystal Palace,MID,7.5,2588,8,8,10,15,605,685.0,849.2,691.0,222.4,10.39,4.67,15.06,35.03
Ismaïla,Sarr,Crystal Palace,MID,6.5,2708,8,7,10,14,542,675.0,618.0,866.0,215.9,10.82,6.82,17.64,38.63
Cheick,Doucouré,Crystal Palace,MID,5.0,443,0,1,1,0,71,58.6,25.7,23.0,10.8,0.40,0.11,0.51,7.53
Romain,Esse,Crystal Palace,MID,5.0,138,1,2,0,3,72,74.8,38.4,51.0,16.4,0.32,0.39,0.71,2.15
Will,Hughes,Crystal Palace,MID,5.0,2100,0,4,10,3,278,335.2,462.6,90.0,87.5,1.09,2.64,3.73,31.64
Daichi,Kamada,Crystal Palace,MID,5.0,1545,0,0,3,0,246,219.2,314.1,145.0,68.2,1.12,1.55,2.67,25.74
Jefferson,Lerma Solís,Crystal Palace,MID,5.0,2270,0,1,6,2,326,401.4,190.2,197.0,78.7,1.07,1.75,2.82,33.55
Adam,Wharton,Crystal Palace,MID,5.0,1314,0,2,4,0,244,261.2,381.4,69.0,71.2,0.38,2.17,2.55,19.34
Asher,Agbinone,Crystal Palace,MID,4.5,4,0,0,0,0,4,4.0,10.6,1.0,1.5,0.02,0.01,0.03,0.00
Naouirou,Ahamada,Crystal Palace,MID,4.5,0,0,0,0,0,0,0.0,0.0,0.0,0.0,0.00,0.00,0.00,0.00
Justin,Devenny,Crystal Palace,MID,4.5,494,1,1,0,1,129,138.8,101.8,90.0,33.2,0.77,0.41,1.18,9.30
Malcolm,Ebiowei,Crystal Palace,MID,4.5,0,0,0,0,0,0,0.0,0.0,0.0,0.0,0.00,0.00,0.00,0.00
Jesurun,Rak-Sakyi,Crystal Palace,MID,4.5,0,0,0,0,0,0,0.0,0.0,0.0,0.0,0.00,0.00,0.00,0.00
Matheus,França de Oliveira,Crystal Palace,MID,4.5,52,1,0,0,0,34,48.4,1.2,66.0,11.5,0.28,0.18,0.46,0.40
David,Ozoh,Crystal Palace,MID,4.5,0,0,0,0,0,0,0.0,0.0,0.0,0.0,0.00,0.00,0.00,0.00
Kaden,Rodney,Crystal Palace,MID,4.5,0,0,0,0,0,0,0.0,0.0,0.0,0.0,0.00,0.00,0.00,0.00
Franco,Umeh-Chibueze,Crystal Palace,MID,4.5,0,0,0,0,0,0,0.0,0.0,0.0,0.0,0.00,0.00,0.00,0.00
Jean-Philippe,Mateta,Crystal Palace,FWD,7.5,2642,14,2,9,27,576,671.6,405.4,800.0,187.3,13.77,2.28,16.05,37.94
Eddie,Nketiah,Crystal Palace,FWD,5.5,1018,3,2,2,4,186,192.2,163.7,475.0,82.5,5.94,0.83,6.77,14.29
Odsonne,Édouard,Crystal Palace,FWD,5.0,141,0,0,0,0,14,5.0,25.0,50.0,8.0,0.39,0.07,0.46,3.72
Zach,Marsh,Crystal Palace,FWD,4.5,0,0,0,0,0,0,0.0,0.0,0.0,0.0,0.00,0.00,0.00,0.00
Kiernan,Dewsbury-Hall,Everton,MID,5.0,257,0,1,0,1,71,57.4,47.4,21.0,12.6,0.22,0.22,0.44,3.88
Jordan,Pickford,Everton,GKP,5.5,3420,0,1,12,15,593,1052.0,20.3,0.0,107.0,0.00,0.22,0.22,46.11
Mark,Travers,Everton,GKP,4.5,450,0,0,1,1,76,146.4,0.0,0.0,14.6,0.00,0.01,0.01,7.36
Harry,Tyrer,Everton,GKP,4.0,0,0,0,0,0,0,0.0,0.0,0.0,0.0,0.00,0.00,0.00,0.00
Jarrad,Branthwaite,Everton,DEF,5.5,2509,0,1,9,3,420,624.6,57.7,130.0,81.3,1.20,0.61,1.81,29.83
James,Tarkowski,Everton,DEF,5.5,2922,1,1,10,8,468,859.0,188.8,217.0,126.9,1.32,2.33,3.65,39.30
Vitalii,Mykolenko,Everton,DEF,5.0,3082,1,3,11,9,467,621.4,428.5,100.0,115.2,0.48,2.12,2.60,39.81
Jake,O'Brien,Everton,DEF,5.0,1568,2,0,5,5,233,341.4,108.9,109.0,56.0,0.77,0.31,1.08,18.63
Séamus,Coleman,Everton,DEF,4.5,214,0,0,0,0,17,42.4,3.8,23.0,7.1,0.62,0.03,0.65,4.45
Michael,Keane,Everton,DEF,4.5,1046,3,0,3,4,139,306.6,23.2,123.0,45.4,0.61,0.02,0.63,19.16
Nathan,Patterson,Everton,DEF,4.5,342,0,1,0,0,47,71.6,70.3,12.0,15.5,0.07,0.38,0.45,4.48
Roman,Dixon,Everton,DEF,4.0,90,0,0,0,0,0,15.4,0.3,0.0,1.6,0.00,0.00,0.00,2.43
Reece,Welch,Everton,DEF,4.0,0,0,0,0,0,0,0.0,0.0,0.0,0.0,0.00,0.00,0.00,0.00
Iliman,Ndiaye,Everton,MID,6.5,2426,9,0,15,21,552,598.0,326.4,493.0,142.0,6.23,1.36,7.59,29.01
Dwight,McNeil,Everton,MID,6.0,1366,4,8,5,9,401,392.0,631.8,207.0,123.3,1.05,4.49,5.53,21.12
Carlos,Alcaraz Durán,Everton,MID,5.5,766,2,3,1,5,191,219.4,205.7,227.0,65.4,1.78,0.68,2.46,11.33
Idrissa Gana,Gueye,Everton,MID,5.5,3063,0,3,12,5,505,522.0,327.2,117.0,96.6,1.15,1.99,3.14,39.88
James,Garner,Everton,MID,5.0,1590,0,1,5,0,244,264.8,248.2,93.0,60.4,0.67,1.37,2.04,19.71
Tim,Iroegbunam,Everton,MID,5.0,562,0,1,0,0,82,122.2,40.9,32.0,19.6,0.23,0.14,0.37,12.25
Harrison,Armstrong,Everton,MID,4.5,47,0,0,0,0,1,1.8,10.9,9.0,2.2,0.37,0.00,0.37,0.45
Callum,Bates,Everton,MID,4.5,0,0,0,0,0,0,0.0,0.0,0.0,0.0,0.00,0.00,0.00,0.00
Coby,Ebere,Everton,MID,4.5,0,0,0,0,0,0,0.0,0.0,0.0,0.0,0.00,0.00,0.00,0.00
Isaac,Heath,Everton,MID,4.5,0,0,0,0,0,0,0.0,0.0,0.0,0.0,0.00,0.00,0.00,0.00
Jenson,Metcalfe,Everton,MID,4.5,0,0,0,0,0,0,0.0,0.0,0.0,0.0,0.00,0.00,0.00,0.00
Thierno,Barry,Everton,FWD,6.0,0,0,0,0,0,0,0.0,0.0,0.0,0.0,0.00,0.00,0.00,0.00
Norberto Bercique,Gomes Betuncal,Everton,FWD,5.5,1521,8,0,4,11,295,373.2,163.9,666.0,119.5,7.89,0.44,8.33,18.80
Youssef,Ramalho Chermiti,Everton,FWD,5.0,42,0,0,0,0,9,2.4,0.6,27.0,3.0,0.11,0.00,0.11,0.47
Martin,Sherif,Everton,FWD,4.5,0,0,0,0,0,0,0.0,0.0,0.0,0.0,0.00,0.00,0.00,0.00
Jack,Grealish,Everton,MID,6.5,710,1,1,2,4,187,157.2,321.4,234.0,71.3,1.13,1.67,2.80,11.33
Adam,Aznou,Everton,DEF,4.5,0,0,0,0,0,0,0.0,0.0,0.0,0.0,0.00,0.00,0.00,0.00
Bernd,Leno,Fulham,GKP,5.0,3420,0,2,5,5,475,967.0,20.0,0.0,98.6,0.00,0.03,0.03,47.75
Steven,Benda,Fulham,GKP,4.0,0,0,0,0,0,0,0.0,0.0,0.0,0.0,0.00,0.00,0.00,0.00
Antonee,Robinson,Fulham,DEF,5.0,3166,0,10,5,8,507,922.2,723.4,206.0,185.5,0.70,4.17,4.87,44.79
Joachim,Andersen,Fulham,DEF,4.5,2673,0,0,4,3,306,687.6,99.0,162.0,95.0,1.04,0.57,1.61,37.85
Calvin,Bassey,Fulham,DEF,4.5,3074,1,0,5,0,390,587.2,96.7,157.0,84.1,1.02,0.42,1.44,39.22
Timothy,Castagne,Fulham,DEF,4.5,1642,0,1,3,0,205,360.4,163.6,123.0,64.9,0.38,0.56,0.94,22.39
Issa,Diop,Fulham,DEF,4.5,1334,0,0,1,0,146,257.6,44.7,83.0,38.3,0.51,0.07,0.58,19.98
Jorge,Cuenca Barreno,Fulham,DEF,4.5,349,0,0,0,0,38,81.2,2.3,4.0,8.6,0.02,0.01,0.03,8.99
Kenny,Tete,Fulham,DEF,4.5,1773,0,2,3,0,207,381.2,192.2,158.0,73.1,1.37,0.65,2.02,25.50
Samuel,Amissah,Fulham,DEF,4.0,0,0,0,0,0,0,0.0,0.0,0.0,0.0,0.00,0.00,0.00,0.00
Alex,Iwobi,Fulham,MID,6.5,2981,9,6,6,16,704,806.8,922.4,699.0,243.0,4.33,6.90,11.23,38.06
Emile,Smith Rowe,Fulham,MID,6.0,2036,6,3,7,15,449,433.8,422.3,386.0,124.4,4.45,2.04,6.49,25.35
Adama,Traoré Diarra,Fulham,MID,5.5,1756,2,8,3,8,384,385.4,632.1,426.0,144.6,4.11,4.61,8.72,25.17
Andreas,Hoelgebaum Pereira,Fulham,MID,5.5,2004,2,6,5,2,355,326.6,868.3,300.0,149.0,4.24,4.63,8.87,27.35
Ryan,Sessegnon,Fulham,MID,5.5,574,4,2,1,5,137,284.0,158.8,227.0,67.1,1.64,1.12,2.76,8.20
Harry,Wilson,Fulham,MID,5.5,1148,6,2,2,6,329,334.6,310.2,440.0,107.8,4.19,1.17,5.36,16.22
Sander,Berge,Fulham,MID,5.0,2221,0,0,4,2,334,314.4,285.7,51.0,65.1,0.45,0.63,1.08,30.81
Tom,Cairney,Fulham,MID,5.0,610,2,0,1,0,192,163.8,213.8,94.0,47.2,0.73,1.14,1.87,9.59
Saša,Lukić,Fulham,MID,5.0,2348,0,2,4,1,354,335.6,455.1,119.0,91.0,1.16,1.40,2.56,33.02
Martial,Godo,Fulham,MID,4.5,21,0,0,0,0,4,3.4,12.0,14.0,3.0,0.00,0.07,0.07,0.15
Luke,Harris,Fulham,MID,4.5,0,0,0,0,0,0,0.0,0.0,0.0,0.0,0.00,0.00,0.00,0.00
Josh,King,Fulham,MID,4.5,126,0,0,1,0,30,26.2,45.7,38.0,11.2,0.28,0.67,0.95,0.74
Harrison,Reed,Fulham,MID,4.5,100,0,0,0,0,36,18.6,20.6,33.0,7.1,0.23,0.09,0.32,4.62
Raúl,Jiménez Rodríguez,Fulham,FWD,6.5,2486,12,3,7,26,539,612.8,372.2,1018.0,199.7,11.97,2.07,14.04,33.49
Rodrigo,Muniz Carvalho,Fulham,FWD,5.5,943,8,1,2,14,349,352.4,95.3,508.0,95.4,5.91,0.20,6.11,15.28
Benjamin,Lecomte,Fulham,GKP,4.0,0,0,0,0,0,0,0.0,0.0,0.0,0.0,0.00,0.00,0.00,0.00
Illan,Meslier,Leeds,GKP,4.5,0,0,0,0,0,0,0.0,0.0,0.0,0.0,0.00,0.00,0.00,0.00
Alex,Cairns,Leeds,GKP,4.0,0,0,0,0,0,0,0.0,0.0,0.0,0.0,0.00,0.00,0.00,0.00
Karl,Darlow,Leeds,GKP,4.0,0,0,0,0,0,0,0.0,0.0,0.0,0.0,0.00,0.00,0.00,0.00
Jayden,Bogle,Leeds,DEF,4.5,0,0,0,0,0,0,0.0,0.0,0.0,0.0,0.00,0.00,0.00,0.00
Pascal,Struijk,Leeds,DEF,4.5,0,0,0,0,0,0,0.0,0.0,0.0,0.0,0.00,0.00,0.00,0.00
Jaka,Bijol,Leeds,DEF,4.0,0,0,0,0,0,0,0.0,0.0,0.0,0.0,0.00,0.00,0.00,0.00
Sebastiaan,Bornauw,Leeds,DEF,4.0,0,0,0,0,0,0,0.0,0.0,0.0,0.0,0.00,0.00,0.00,0.00
Sam,Byram,Leeds,DEF,4.0,0,0,0,0,0,0,0.0,0.0,0.0,0.0,0.00,0.00,0.00,0.00
Gabriel,Gudmundsson,Leeds,DEF,4.0,0,0,0,0,0,0,0.0,0.0,0.0,0.0,0.00,0.00,0.00,0.00
Joe,Rodon,Leeds,DEF,4.0,0,0,0,0,0,0,0.0,0.0,0.0,0.0,0.00,0.00,0.00,0.00
Isaac,Schmidt,Leeds,DEF,4.0,0,0,0,0,0,0,0.0,0.0,0.0,0.0,0.00,0.00,0.00,0.00
Brenden,Aaronson,Leeds,MID,5.5,0,0,0,0,0,0,0.0,0.0,0.0,0.0,0.00,0.00,0.00,0.00
Wilfried,Gnonto,Leeds,MID,5.5,0,0,0,0,0,0,0.0,0.0,0.0,0.0,0.00,0.00,0.00,0.00
Jack,Harrison,Leeds,MID,5.5,2068,1,3,7,4,291,277.0,527.7,288.0,108.6,3.54,3.12,6.66,31.23
Daniel,James,Leeds,MID,5.5,0,0,0,0,0,0,0.0,0.0,0.0,0.0,0.00,0.00,0.00,0.00
Ethan,Ampadu,Leeds,MID,5.0,0,0,0,0,0,0,0.0,0.0,0.0,0.0,0.00,0.00,0.00,0.00
Sam,Greenwood,Leeds,MID,5.0,0,0,0,0,0,0,0.0,0.0,0.0,0.0,0.00,0.00,0.00,0.00
Ilia,Gruev,Leeds,MID,5.0,0,0,0,0,0,0,0.0,0.0,0.0,0.0,0.00,0.00,0.00,0.00
Largie,Ramazani,Leeds,MID,5.0,0,0,0,0,0,0,0.0,0.0,0.0,0.0,0.00,0.00,0.00,0.00
Tanaka,Ao,Leeds,MID,5.0,0,0,0,0,0,0,0.0,0.0,0.0,0.0,0.00,0.00,0.00,0.00
Charlie,Crew,Leeds,MID,4.5,0,0,0,0,0,0,0.0,0.0,0.0,0.0,0.00,0.00,0.00,0.00
Joe,Gelhardt,Leeds,MID,4.5,0,0,0,0,0,0,0.0,0.0,0.0,0.0,0.00,0.00,0.00,0.00
Darko,Gyabi,Leeds,MID,4.5,0,0,0,0,0,0,0.0,0.0,0.0,0.0,0.00,0.00,0.00,0.00
Joël,Piroe,Leeds,FWD,5.5,0,0,0,0,0,0,0.0,0.0,0.0,0.0,0.00,0.00,0.00,0.00
Patrick,Bamford,Leeds,FWD,5.0,0,0,0,0,0,0,0.0,0.0,0.0,0.0,0.00,0.00,0.00,0.00
Mateo,Joseph Fernández-Regatillo,Leeds,FWD,5.0,0,0,0,0,0,0,0.0,0.0,0.0,0.0,0.00,0.00,0.00,0.00
Lukas,Nmecha,Leeds,FWD,5.0,0,0,0,0,0,0,0.0,0.0,0.0,0.0,0.00,0.00,0.00,0.00
Sean,Longstaff,Leeds,MID,5.0,783,0,1,2,0,131,117.2,78.4,76.0,27.3,0.60,0.22,0.82,11.32
Anton,Stach,Leeds,MID,5.0,0,0,0,0,0,0,0.0,0.0,0.0,0.0,0.00,0.00,0.00,0.00
Lucas Estella,Perri,Leeds,GKP,4.5,0,0,0,0,0,0,0.0,0.0,0.0,0.0,0.00,0.00,0.00,0.00
Alisson,Becker,Liverpool,GKP,5.5,2508,0,0,10,9,451,628.8,13.0,0.0,64.0,0.00,0.20,0.20,27.10
Giorgi,Mamardashvili,Liverpool,GKP,4.5,0,0,0,0,0,0,0.0,0.0,0.0,0.0,0.00,0.00,0.00,0.00
Ármin,Pécsi,Liverpool,GKP,4.0,0,0,0,0,0,0,0.0,0.0,0.0,0.0,0.00,0.00,0.00,0.00
Freddie,Woodman,Liverpool,GKP,4.0,0,0,0,0,0,0,0.0,0.0,0.0,0.0,0.00,0.00,0.00,0.00
Jeremie,Frimpong,Liverpool,DEF,6.0,0,0,0,0,0,0,0.0,0.0,0.0,0.0,0.00,0.00,0.00,0.00
Milos,Kerkez,Liverpool,DEF,6.0,3336,2,6,9,10,550,694.0,642.0,238.0,157.3,0.60,2.57,3.17,48.69
Andrew,Robertson,Liverpool,DEF,6.0,2479,0,1,10,4,397,395.4,668.7,182.0,124.4,1.12,4.27,5.39,26.90
Virgil,van Dijk,Liverpool,DEF,6.0,3330,3,1,14,8,631,932.6,206.6,299.0,143.7,2.22,0.98,3.20,36.13
Ibrahima,Konaté,Liverpool,DEF,5.5,2561,1,2,11,4,487,578.0,161.4,133.0,87.6,1.80,0.91,2.71,26.67
Conor,Bradley,Liverpool,DEF,5.0,744,0,2,3,3,160,156.2,110.5,162.0,42.8,0.70,1.43,2.13,12.40
Joe,Gomez,Liverpool,DEF,5.0,517,0,0,1,0,83,130.4,38.5,58.0,22.8,0.33,0.09,0.42,5.38
Konstantinos,Tsimikas,Liverpool,DEF,5.0,829,0,1,4,3,217,202.0,260.7,60.0,52.5,0.39,2.32,2.71,9.03
Amara,Nallo,Liverpool,DEF,4.0,0,0,0,0,0,0,0.0,0.0,0.0,0.0,0.00,0.00,0.00,0.00
Rhys,Williams,Liverpool,DEF,4.0,0,0,0,0,0,0,0.0,0.0,0.0,0.0,0.00,0.00,0.00,0.00
Calvin,Ramsay,Liverpool,DEF,4.0,0,0,0,0,0,0,0.0,0.0,0.0,0.0,0.00,0.00,0.00,0.00
Mohamed,Salah,Liverpool,MID,14.5,3374,29,18,15,55,1133,1577.0,1199.2,1985.0,476.0,24.70,8.99,33.69,37.83
Florian,Wirtz,Liverpool,MID,8.5,0,0,0,0,0,0,0.0,0.0,0.0,0.0,0.00,0.00,0.00,0.00
Luis,Díaz Marulanda,Liverpool,MID,8.0,2393,13,7,15,21,634,770.8,748.0,946.0,246.4,11.90,4.34,16.24,24.44
Cody,Gakpo,Liverpool,MID,7.5,1921,10,5,5,22,572,597.0,517.7,686.0,180.3,7.12,3.76,10.87,21.51
Federico,Chiesa,Liverpool,MID,6.5,103,0,0,0,0,16,9.0,23.5,36.0,6.7,0.34,0.15,0.49,2.80
Alexis,Mac Allister,Liverpool,MID,6.5,2597,5,6,14,8,578,653.4,731.3,357.0,174.1,2.89,5.57,8.46,24.21
Dominik,Szoboszlai,Liverpool,MID,6.5,2485,6,10,12,14,605,589.8,794.8,601.0,198.1,6.94,6.06,13.00,26.78
Curtis,Jones,Liverpool,MID,5.5,1702,3,5,6,4,396,397.2,343.7,400.0,113.6,4.34,1.46,5.80,23.35
Harvey,Elliott,Liverpool,MID,5.5,359,1,2,0,3,120,118.6,145.8,143.0,40.4,1.78,0.64,2.42,6.14
Ryan,Gravenberch,Liverpool,MID,5.5,3160,0,4,14,1,568,550.6,473.9,121.0,114.7,1.13,3.50,4.63,33.06
Ben,Doak,Liverpool,MID,5.0,0,0,0,0,0,0,0.0,0.0,0.0,0.0,0.00,0.00,0.00,0.00
Endo,Wataru,Liverpool,MID,5.0,259,0,0,0,0,82,57.6,38.2,6.0,10.0,0.00,0.09,0.09,4.25
Stefan,Bajčetić Maquieira,Liverpool,MID,4.5,0,0,0,0,0,0,0.0,0.0,0.0,0.0,0.00,0.00,0.00,0.00
James,McConnell,Liverpool,MID,4.5,0,0,0,0,0,0,0.0,0.0,0.0,0.0,0.00,0.00,0.00,0.00
Tyler,Morton,Liverpool,MID,4.5,0,0,0,0,0,0,0.0,0.0,0.0,0.0,0.00,0.00,0.00,0.00
Trey,Nyoni,Liverpool,MID,4.5,0,0,0,0,0,0,0.0,0.0,0.0,0.0,0.00,0.00,0.00,0.00
Darwin,Núñez Ribeiro,Liverpool,FWD,6.5,1113,5,3,2,6,244,263.8,151.6,404.0,81.2,5.76,0.51,6.27,16.85
Jayden,Danns,Liverpool,FWD,4.5,10,0,0,0,0,2,0.0,0.3,0.0,0.0,0.00,0.01,0.01,0.45
Hugo,Ekitiké,Liverpool,FWD,8.5,0,0,0,0,0,0,0.0,0.0,0.0,0.0,0.00,0.00,0.00,0.00
James,Trafford,Man City,GKP,5.0,0,0,0,0,0,0,0.0,0.0,0.0,0.0,0.00,0.00,0.00,0.00
Ederson,Santana de Moraes,Man City,GKP,5.5,2320,0,4,10,9,400,567.0,43.0,0.0,60.9,0.00,0.16,0.16,29.50
Stefan,Ortega Moreno,Man City,GKP,5.0,1099,0,0,3,0,144,292.6,0.0,0.0,29.4,0.00,0.00,0.00,19.12
Marcus,Bettinelli,Man City,GKP,4.0,0,0,0,0,0,0,0.0,0.0,0.0,0.0,0.00,0.00,0.00,0.00
Rayan,Aït-Nouri,Man City,DEF,6.0,3112,4,7,7,13,447,778.4,694.3,435.0,191.0,2.69,3.98,6.67,53.27
Joško,Gvardiol,Man City,DEF,6.0,3278,5,0,13,15,623,847.0,501.7,497.0,185.0,4.60,2.92,7.52,44.27
Manuel,Akanji,Man City,DEF,5.5,2012,0,0,6,1,307,339.8,249.8,100.0,68.9,1.57,1.30,2.87,29.72
Nathan,Aké,Man City,DEF,5.5,677,0,0,3,0,121,104.6,33.7,20.0,15.9,0.22,0.17,0.39,13.44
Abdukodir,Khusanov,Man City,DEF,5.5,503,0,0,2,0,78,102.0,33.9,4.0,14.1,0.02,0.09,0.11,6.98
Matheus,Nunes,Man City,DEF,5.5,1670,1,7,9,6,373,370.4,422.4,206.0,99.9,1.11,3.32,4.43,24.87
Rúben,dos Santos Gato Alves Dias,Man City,DEF,5.5,2269,0,0,11,7,410,478.2,173.8,150.0,80.2,1.54,1.20,2.74,29.48
John,Stones,Man City,DEF,5.5,544,2,0,1,2,92,155.6,49.8,70.0,27.4,0.60,0.17,0.77,5.95
Rico,Lewis,Man City,DEF,5.0,1888,1,2,5,1,285,293.8,218.6,139.0,65.0,1.32,1.01,2.33,27.60
Nico,O'Reilly,Man City,DEF,5.0,525,2,0,3,4,118,133.4,76.2,112.0,32.2,1.28,0.68,1.96,5.49
Vitor,de Oliveira Nunes dos Reis,Man City,DEF,5.0,1,0,0,0,0,4,3.2,0.0,0.0,0.3,0.00,0.00,0.00,0.00
Omar,Marmoush,Man City,MID,8.5,1174,7,1,8,12,326,318.0,246.7,410.0,97.3,5.41,1.71,7.12,14.48
Phil,Foden,Man City,MID,8.0,1771,7,3,6,10,454,448.0,749.0,449.0,164.2,5.17,5.33,10.49,29.11
Sávio,Moreira de Oliveira,Man City,MID,7.0,1760,1,11,8,15,442,415.2,682.9,671.0,177.3,5.02,6.10,11.12,21.39
Bernardo,Mota Veiga de Carvalho e Silva,Man City,MID,6.5,2667,4,4,10,13,568,603.0,800.4,532.0,193.6,3.84,4.56,8.40,39.68
Rayan,Cherki,Man City,MID,6.5,0,0,0,0,0,0,0.0,0.0,0.0,0.0,0.00,0.00,0.00,0.00
Jérémy,Doku,Man City,MID,6.5,1506,3,6,8,3,425,453.8,515.9,528.0,150.0,1.32,3.81,5.13,15.18
İlkay,Gündoğan,Man City,MID,6.5,2218,1,7,10,5,460,387.0,781.3,273.0,144.2,3.21,4.43,7.63,35.69
Rodrigo 'Rodri',Hernandez Cascante,Man City,MID,6.5,72,0,0,0,0,21,12.2,17.5,0.0,3.0,0.00,0.09,0.09,0.33
Mateo,Kovačić,Man City,MID,6.0,2194,6,3,10,13,542,606.4,579.3,204.0,139.1,1.91,3.21,5.11,31.50
Nico,González Iglesias,Man City,MID,6.0,760,1,1,6,0,123,137.2,78.7,62.0,27.5,0.45,0.48,0.93,8.99
Oscar,Bobb,Man City,MID,5.5,14,0,0,0,0,13,4.4,12.6,0.0,1.6,0.00,0.02,0.02,0.47
Claudio,Echeverri,Man City,MID,5.5,5,0,0,0,0,2,2.2,0.4,0.0,0.3,0.00,0.01,0.01,0.45
James,McAtee,Man City,MID,5.5,340,3,0,0,0,102,113.0,64.6,136.0,30.7,2.80,0.80,3.60,5.25
Tijjani,Reijnders,Man City,MID,5.5,0,0,0,0,0,0,0.0,0.0,0.0,0.0,0.00,0.00,0.00,0.00
Sverre,Nypan,Man City,MID,5.0,0,0,0,0,0,0,0.0,0.0,0.0,0.0,0.00,0.00,0.00,0.00
Kalvin,Phillips,Man City,MID,5.0,1231,0,0,1,0,167,181.8,116.2,41.0,33.8,0.45,0.46,0.91,27.21
Erling,Haaland,Man City,FWD,14.0,2736,22,3,10,26,795,946.0,359.4,1511.0,281.8,21.90,2.04,23.94,41.27
Bryan,Mbeumo,Man Utd,MID,8.0,3415,20,9,9,29,948,1236.8,1107.5,1060.0,340.8,12.52,9.24,21.75,55.40
Altay,Bayındır,Man Utd,GKP,5.0,360,0,0,1,0,22,80.0,0.0,0.0,7.9,0.00,0.00,0.00,6.93
André,Onana,Man Utd,GKP,5.0,3060,0,0,9,8,443,733.0,13.0,0.0,74.7,0.00,0.20,0.20,47.79
Elyh,Harrison,Man Utd,GKP,4.0,0,0,0,0,0,0,0.0,0.0,0.0,0.0,0.00,0.00,0.00,0.00
Tom,Heaton,Man Utd,GKP,4.0,0,0,0,0,0,0,0.0,0.0,0.0,0.0,0.00,0.00,0.00,0.00
Dermot,Mee,Man Utd,GKP,4.0,0,0,0,0,0,0,0.0,0.0,0.0,0.0,0.00,0.00,0.00,0.00
Matthijs,de Ligt,Man Utd,DEF,5.0,2119,2,0,4,3,312,518.4,88.7,303.0,91.5,2.48,0.25,2.73,38.53
Lisandro,Martínez,Man Utd,DEF,5.0,1751,2,1,6,5,293,426.6,153.9,158.0,73.8,1.33,1.21,2.54,30.17
Noussair,Mazraoui,Man Utd,DEF,5.0,2836,0,1,7,5,410,619.4,332.7,123.0,107.5,0.69,1.87,2.56,46.26
Diego,León Blanco,Man Utd,DEF,4.5,0,0,0,0,0,0,0.0,0.0,0.0,0.0,0.00,0.00,0.00,0.00
Diogo,Dalot Teixeira,Man Utd,DEF,4.5,2812,0,4,8,9,352,493.2,434.2,264.0,118.6,1.96,2.35,4.31,46.95
Patrick,Dorgu,Man Utd,DEF,4.5,840,0,0,2,1,108,106.4,175.3,112.0,39.4,0.43,1.27,1.70,10.26
Harry,Maguire,Man Utd,DEF,4.5,1751,1,0,3,3,217,411.4,111.5,237.0,76.1,1.82,0.25,2.07,26.83
Luke,Shaw,Man Utd,DEF,4.5,346,0,0,0,0,38,48.2,68.2,11.0,12.7,0.03,0.77,0.80,3.81
Leny,Yoro,Man Utd,DEF,4.5,1160,0,0,1,0,90,207.4,55.8,54.0,31.8,0.70,0.15,0.85,19.35
Harry,Amass,Man Utd,DEF,4.0,345,0,0,0,0,1,40.0,26.5,15.0,8.2,0.07,0.07,0.14,6.30
Tyler,Fredricson,Man Utd,DEF,4.0,166,0,0,0,0,16,37.4,4.9,2.0,4.4,0.00,0.02,0.02,2.94
Ayden,Heaven,Man Utd,DEF,4.0,169,0,0,1,2,47,43.4,12.9,8.0,6.4,0.12,0.01,0.13,1.69
Tyrell,Malacia,Man Utd,DEF,4.0,99,0,0,0,0,2,5.2,13.9,0.0,1.7,0.00,0.02,0.02,0.78
Bruno,Borges Fernandes,Man Utd,MID,9.0,3017,8,12,10,28,810,1017.8,1407.7,587.0,300.8,9.93,7.89,17.82,45.85
Matheus,Santos Carneiro da Cunha,Man Utd,MID,8.0,2596,15,7,7,41,838,936.2,847.8,940.0,272.2,8.73,5.29,14.02,44.53
Marcus,Rashford,Man Utd,MID,7.0,1414,6,4,7,9,333,398.4,451.1,369.0,122.1,4.67,3.43,8.10,21.68
Amad,Diallo,Man Utd,MID,6.5,1898,8,8,7,17,569,634.0,687.2,615.0,193.8,4.71,3.98,8.69,31.71
Alejandro,Garnacho Ferreyra,Man Utd,MID,6.5,2188,6,4,5,7,370,454.0,532.2,904.0,188.3,7.40,2.76,10.16,35.43
Antony,dos Santos,Man Utd,MID,6.0,135,0,0,0,0,37,35.0,50.7,74.0,15.8,0.60,0.21,0.81,2.05
Mason,Mount,Man Utd,MID,6.0,613,1,0,3,0,74,104.0,140.0,218.0,45.6,3.37,0.57,3.94,8.24
Jadon,Sancho,Man Utd,MID,6.0,1754,3,5,7,3,367,340.0,523.2,414.0,127.5,2.13,3.10,5.23,23.66
Carlos Henrique,Casimiro,Man Utd,MID,5.5,1489,1,0,6,3,300,433.2,348.2,265.0,104.8,1.80,1.99,3.79,24.00
Kobbie,Mainoo,Man Utd,MID,5.0,1646,0,0,5,0,229,196.6,250.8,137.0,58.8,0.84,1.78,2.62,25.23
Manuel,Ugarte Ribeiro,Man Utd,MID,5.0,1777,1,2,4,1,318,313.6,195.9,113.0,62.1,1.00,0.67,1.67,29.54
Toby,Collyer,Man Utd,MID,4.5,174,0,0,0,0,40,40.4,29.9,8.0,7.9,0.08,0.37,0.45,3.09
Jayce,Fitzgerald,Man Utd,MID,4.5,0,0,0,0,0,0,0.0,0.0,0.0,0.0,0.00,0.00,0.00,0.00
Jack,Fletcher,Man Utd,MID,4.5,0,0,0,0,0,0,0.0,0.0,0.0,0.0,0.00,0.00,0.00,0.00
Sékou,Koné,Man Utd,MID,4.5,0,0,0,0,0,0,0.0,0.0,0.0,0.0,0.00,0.00,0.00,0.00
Jack,Moorhouse,Man Utd,MID,4.5,0,0,0,0,0,0,0.0,0.0,0.0,0.0,0.00,0.00,0.00,0.00
Rasmus,Højlund,Man Utd,FWD,6.5,1998,4,1,6,8,246,187.0,254.7,432.0,86.3,5.10,1.14,6.24,30.44
Joshua,Zirkzee,Man Utd,FWD,6.0,1385,3,2,3,6,216,222.6,212.0,351.0,78.0,4.64,1.04,5.68,24.84
Chido,Obi,Man Utd,FWD,4.5,160,0,0,0,0,21,8.2,5.1,46.0,5.4,0.66,0.03,0.69,3.70
Ethan,Wheatley,Man Utd,FWD,4.5,0,0,0,0,0,0,0.0,0.0,0.0,0.0,0.00,0.00,0.00,0.00
Benjamin,Sesko,Man Utd,FWD,7.5,0,0,0,0,0,0,0.0,0.0,0.0,0.0,0.00,0.00,0.00,0.00
Nick,Pope,Newcastle,GKP,5.0,2520,0,0,8,2,384,666.0,10.0,0.0,67.4,0.00,0.00,0.00,34.94
Mark,Gillespie,Newcastle,GKP,4.0,0,0,0,0,0,0,0.0,0.0,0.0,0.0,0.00,0.00,0.00,0.00
Odysseas,Vlachodimos,Newcastle,GKP,4.0,0,0,0,0,0,0,0.0,0.0,0.0,0.0,0.00,0.00,0.00,0.00
Lewis,Hall,Newcastle,DEF,5.5,2188,0,7,8,11,443,561.6,561.2,128.0,125.3,0.43,3.73,4.16,29.73
Fabian,Schär,Newcastle,DEF,5.5,2935,4,2,11,4,440,743.2,111.5,346.0,119.6,3.94,1.01,4.95,37.26
Sven,Botman,Newcastle,DEF,5.0,412,0,0,2,0,95,110.4,28.4,96.0,23.6,0.59,0.22,0.81,5.07
Dan,Burn,Newcastle,DEF,5.0,3330,1,1,13,9,476,736.6,123.6,297.0,115.8,1.97,1.09,3.06,45.22
Tino,Livramento,Newcastle,DEF,5.0,2835,0,1,10,6,476,567.4,406.2,127.0,110.1,0.33,2.70,3.03,37.83
Kieran,Trippier,Newcastle,DEF,5.0,1299,0,3,6,8,287,319.4,406.8,33.0,76.1,0.12,1.44,1.56,17.05
Emil,Krafth,Newcastle,DEF,4.5,334,0,0,1,0,55,59.2,19.7,13.0,9.3,0.04,0.04,0.08,6.50
Jamaal,Lascelles,Newcastle,DEF,4.5,0,0,0,0,0,0,0.0,0.0,0.0,0.0,0.00,0.00,0.00,0.00
Alex,Murphy,Newcastle,DEF,4.0,0,0,0,0,0,0,0.0,0.0,0.0,0.0,0.00,0.00,0.00,0.00
Harrison,Ashby,Newcastle,DEF,4.0,0,0,0,0,0,0,0.0,0.0,0.0,0.0,0.00,0.00,0.00,0.00
Miodrag,Pivaš,Newcastle,DEF,4.0,0,0,0,0,0,0,0.0,0.0,0.0,0.0,0.00,0.00,0.00,0.00
Matt,Targett,Newcastle,DEF,4.0,20,0,0,0,0,7,5.0,5.6,0.0,1.0,0.00,0.07,0.07,0.26
Anthony,Gordon,Newcastle,MID,7.5,2428,6,6,10,9,476,537.0,777.3,655.0,196.8,8.19,4.80,12.99,32.62
Anthony,Elanga,Newcastle,MID,7.0,2496,6,11,12,15,535,627.0,785.4,582.0,199.8,4.81,5.12,9.93,38.74
Harvey,Barnes,Newcastle,MID,6.5,1746,9,5,6,13,442,522.2,407.1,701.0,163.1,6.45,4.40,10.85,24.32
Bruno,Guimarães Rodriguez Moura,Newcastle,MID,6.5,3273,5,6,13,10,661,723.0,796.0,454.0,197.5,4.34,5.32,9.66,43.41
Jacob,Murphy,Newcastle,MID,6.5,2356,8,13,11,11,601,713.4,625.2,519.0,185.6,5.89,6.14,12.03,28.19
Joelinton Cássio,Apolinário de Lira,Newcastle,MID,6.0,2394,4,4,10,11,374,469.8,389.3,465.0,132.7,3.74,2.17,5.91,31.79
Sandro,Tonali,Newcastle,MID,5.5,2625,4,2,11,10,536,539.4,496.3,299.0,133.5,4.46,2.77,7.23,33.18
Antoñito,Cordero Campillo,Newcastle,MID,5.0,0,0,0,0,0,0,0.0,0.0,0.0,0.0,0.00,0.00,0.00,0.00
Joe,Willock,Newcastle,MID,5.0,1065,0,2,4,0,139,172.8,273.8,197.0,63.9,1.65,0.93,2.58,15.01
Isaac,Hayden,Newcastle,MID,4.5,0,0,0,0,0,0,0.0,0.0,0.0,0.0,0.00,0.00,0.00,0.00
Garang,Kuol,Newcastle,MID,4.5,0,0,0,0,0,0,0.0,0.0,0.0,0.0,0.00,0.00,0.00,0.00
Lewis,Miley,Newcastle,MID,4.5,304,1,0,0,1,88,87.4,33.5,45.0,16.7,0.57,0.30,0.87,5.68
Joe,White,Newcastle,MID,4.5,0,0,0,0,0,0,0.0,0.0,0.0,0.0,0.00,0.00,0.00,0.00
Alexander,Isak,Newcastle,FWD,10.5,2758,23,6,12,36,848,1043.0,573.1,1320.0,292.7,20.33,3.59,23.92,36.85
William,Osula,Newcastle,FWD,5.5,124,1,0,0,1,59,42.4,25.1,37.0,10.5,0.16,0.05,0.21,3.18
Sean,Neave,Newcastle,FWD,4.5,0,0,0,0,0,0,0.0,0.0,0.0,0.0,0.00,0.00,0.00,0.00
Aaron,Ramsdale,Newcastle,GKP,5.0,0,0,0,0,0,0,0.0,0.0,0.0,0.0,0.00,0.00,0.00,0.00
Malick,Thiaw,Newcastle,DEF,5.0,0,0,0,0,0,0,0.0,0.0,0.0,0.0,0.00,0.00,0.00,0.00
Matz,Sels,Nott'm Forest,GKP,5.0,3420,0,1,13,11,521,942.2,20.2,0.0,96.7,0.00,0.26,0.26,50.17
Carlos Miguel,dos Santos Pereira,Nott'm Forest,GKP,4.0,0,0,0,0,0,0,0.0,0.0,0.0,0.0,0.00,0.00,0.00,0.00
Matt,Turner,Nott'm Forest,GKP,4.0,0,0,0,0,0,0,0.0,0.0,0.0,0.0,0.00,0.00,0.00,0.00
Nikola,Milenković,Nott'm Forest,DEF,5.5,3330,5,2,13,2,499,805.2,107.9,361.0,127.2,4.05,0.73,4.78,48.95
Murillo,Costa dos Santos,Nott'm Forest,DEF,5.5,3188,2,0,12,18,541,927.2,211.2,201.0,134.0,1.47,1.15,2.62,47.42
Ola,Aina,Nott'm Forest,DEF,5.0,2996,2,1,12,15,483,578.2,282.3,80.0,94.1,0.63,2.25,2.88,40.59
Neco,Williams,Nott'm Forest,DEF,5.0,2588,1,3,10,8,435,628.4,305.3,244.0,118.0,2.29,1.54,3.83,38.50
David,Mota Veiga Teixeira do Carmo,Nott'm Forest,DEF,4.5,0,0,0,0,0,0,0.0,0.0,0.0,0.0,0.00,0.00,0.00,0.00
Jair,Paula da Cunha Filho,Nott'm Forest,DEF,4.5,0,0,0,0,0,0,0.0,0.0,0.0,0.0,0.00,0.00,0.00,0.00
Felipe,Rodrigues da Silva,Nott'm Forest,DEF,4.5,891,0,0,3,2,125,205.2,10.8,22.0,24.0,0.18,0.03,0.21,14.21
Omar,Richards,Nott'm Forest,DEF,4.5,0,0,0,0,0,0,0.0,0.0,0.0,0.0,0.00,0.00,0.00,0.00
Zach,Abbott,Nott'm Forest,DEF,4.0,0,0,0,0,0,0,0.0,0.0,0.0,0.0,0.00,0.00,0.00,0.00
Willy,Boly,Nott'm Forest,DEF,4.0,146,0,0,0,0,26,51.0,0.4,17.0,6.8,0.07,0.00,0.07,2.68
Morgan,Gibbs-White,Nott'm Forest,MID,7.5,2806,7,11,13,18,594,680.4,793.7,632.0,210.6,6.31,4.68,10.99,41.21
Callum,Hudson-Odoi,Nott'm Forest,MID,6.0,2190,5,3,11,7,454,445.6,663.9,405.0,151.0,2.52,2.54,5.06,27.79
Elliot,Anderson,Nott'm Forest,MID,5.5,2726,2,6,13,8,526,638.8,605.2,308.0,155.6,2.04,3.51,5.55,40.36
João Pedro,Ferreira da Silva,Nott'm Forest,MID,5.5,835,3,2,1,0,212,221.8,182.9,239.0,64.6,2.13,1.87,4.00,12.56
Nicolás,Domínguez,Nott'm Forest,MID,5.0,1954,0,1,7,0,292,410.2,247.2,237.0,89.4,1.58,1.58,3.16,31.90
Lewis,O'Brien,Nott'm Forest,MID,5.0,0,0,0,0,0,0,0.0,0.0,0.0,0.0,0.00,0.00,0.00,0.00
Ibrahim,Sangaré,Nott'm Forest,MID,5.0,584,0,1,2,0,107,130.6,80.3,21.0,23.2,0.02,0.21,0.23,8.41
Ryan,Yates,Nott'm Forest,MID,5.0,1901,2,2,6,3,306,344.4,241.1,265.0,85.4,2.41,0.47,2.88,27.84
Eric,da Silva Moreira,Nott'm Forest,MID,4.5,28,0,0,0,0,9,5.2,0.3,0.0,0.6,0.00,0.00,0.00,0.31
Marko,Stamenić,Nott'm Forest,MID,4.5,0,0,0,0,0,0,0.0,0.0,0.0,0.0,0.00,0.00,0.00,0.00
Chris,Wood,Nott'm Forest,FWD,7.5,2958,20,3,15,41,744,838.4,320.0,900.0,205.6,13.42,1.59,15.01,40.64
Igor Jesus,Maciel da Cruz,Nott'm Forest,FWD,6.0,0,0,0,0,0,0,0.0,0.0,0.0,0.0,0.00,0.00,0.00,0.00
Taiwo,Awoniyi,Nott'm Forest,FWD,5.5,398,1,0,1,0,89,67.0,40.9,118.0,21.9,2.15,0.12,2.27,6.65
Dan,Ndoye,Nott'm Forest,MID,6.0,0,0,0,0,0,0,0.0,0.0,0.0,0.0,0.00,0.00,0.00,0.00
Angus,Gunn,Nott'm Forest,GKP,4.0,0,0,0,0,0,0,0.0,0.0,0.0,0.0,0.00,0.00,0.00,0.00
Marc,Guiu Paz,Sunderland,FWD,4.5,71,0,0,0,0,11,4.4,11.8,6.0,2.2,0.00,0.02,0.02,1.46
Anthony,Patterson,Sunderland,GKP,4.5,0,0,0,0,0,0,0.0,0.0,0.0,0.0,0.00,0.00,0.00,0.00
Simon,Moore,Sunderland,GKP,4.0,0,0,0,0,0,0,0.0,0.0,0.0,0.0,0.00,0.00,0.00,0.00
Blondy,Nna Noukeu,Sunderland,GKP,4.0,0,0,0,0,0,0,0.0,0.0,0.0,0.0,0.00,0.00,0.00,0.00
Daniel,Ballard,Sunderland,DEF,4.5,0,0,0,0,0,0,0.0,0.0,0.0,0.0,0.00,0.00,0.00,0.00
Trai,Hume,Sunderland,DEF,4.5,0,0,0,0,0,0,0.0,0.0,0.0,0.0,0.00,0.00,0.00,0.00
Aji,Alese,Sunderland,DEF,4.0,0,0,0,0,0,0,0.0,0.0,0.0,0.0,0.00,0.00,0.00,0.00
Joe,Anderson,Sunderland,DEF,4.0,0,0,0,0,0,0,0.0,0.0,0.0,0.0,0.00,0.00,0.00,0.00
Dennis,Cirkin,Sunderland,DEF,4.0,0,0,0,0,0,0,0.0,0.0,0.0,0.0,0.00,0.00,0.00,0.00
Leo Fuhr,Hjelde,Sunderland,DEF,4.0,0,0,0,0,0,0,0.0,0.0,0.0,0.0,0.00,0.00,0.00,0.00
Niall,Huggins,Sunderland,DEF,4.0,0,0,0,0,0,0,0.0,0.0,0.0,0.0,0.00,0.00,0.00,0.00
Zak,Johnson,Sunderland,DEF,4.0,0,0,0,0,0,0,0.0,0.0,0.0,0.0,0.00,0.00,0.00,0.00
Luke,O'Nien,Sunderland,DEF,4.0,0,0,0,0,0,0,0.0,0.0,0.0,0.0,0.00,0.00,0.00,0.00
Timothée,Pembélé,Sunderland,DEF,4.0,0,0,0,0,0,0,0.0,0.0,0.0,0.0,0.00,0.00,0.00,0.00
Reinildo,Mandava,Sunderland,DEF,4.0,0,0,0,0,0,0,0.0,0.0,0.0,0.0,0.00,0.00,0.00,0.00
Jenson,Seelt,Sunderland,DEF,4.0,0,0,0,0,0,0,0.0,0.0,0.0,0.0,0.00,0.00,0.00,0.00
Simon,Adingra,Sunderland,MID,5.5,1081,2,3,2,0,207,212.4,261.9,337.0,80.9,2.47,2.73,5.20,18.94
Habib,Diarra,Sunderland,MID,5.5,0,0,0,0,0,0,0.0,0.0,0.0,0.0,0.00,0.00,0.00,0.00
Patrick,Roberts,Sunderland,MID,5.5,0,0,0,0,0,0,0.0,0.0,0.0,0.0,0.00,0.00,0.00,0.00
Milan,Aleksić,Sunderland,MID,5.0,0,0,0,0,0,0,0.0,0.0,0.0,0.0,0.00,0.00,0.00,0.00
Enzo,Le Fée,Sunderland,MID,5.0,0,0,0,0,0,0,0.0,0.0,0.0,0.0,0.00,0.00,0.00,0.00
Romaine,Mundle,Sunderland,MID,5.0,0,0,0,0,0,0,0.0,0.0,0.0,0.0,0.00,0.00,0.00,0.00
Dan,Neil,Sunderland,MID,5.0,0,0,0,0,0,0,0.0,0.0,0.0,0.0,0.00,0.00,0.00,0.00
Ian,Poveda-Ocampo,Sunderland,MID,5.0,0,0,0,0,0,0,0.0,0.0,0.0,0.0,0.00,0.00,0.00,0.00
Chris,Rigg,Sunderland,MID,5.0,0,0,0,0,0,0,0.0,0.0,0.0,0.0,0.00,0.00,0.00,0.00
Noah,Sadiki,Sunderland,MID,5.0,0,0,0,0,0,0,0.0,0.0,0.0,0.0,0.00,0.00,0.00,0.00
Chemsdine,Talbi,Sunderland,MID,5.0,0,0,0,0,0,0,0.0,0.0,0.0,0.0,0.00,0.00,0.00,0.00
Abdoullah,Ba,Sunderland,MID,4.5,0,0,0,0,0,0,0.0,0.0,0.0,0.0,0.00,0.00,0.00,0.00
Alan,Browne,Sunderland,MID,4.5,0,0,0,0,0,0,0.0,0.0,0.0,0.0,0.00,0.00,0.00,0.00
Pierre,Ekwah Elimby,Sunderland,MID,4.5,0,0,0,0,0,0,0.0,0.0,0.0,0.0,0.00,0.00,0.00,0.00
Harrison,Jones,Sunderland,MID,4.5,0,0,0,0,0,0,0.0,0.0,0.0,0.0,0.00,0.00,0.00,0.00
Jay,Matete,Sunderland,MID,4.5,0,0,0,0,0,0,0.0,0.0,0.0,0.0,0.00,0.00,0.00,0.00
Nectarios,Triantis,Sunderland,MID,4.5,0,0,0,0,0,0,0.0,0.0,0.0,0.0,0.00,0.00,0.00,0.00
Wilson,Isidor,Sunderland,FWD,5.5,0,0,0,0,0,0,0.0,0.0,0.0,0.0,0.00,0.00,0.00,0.00
Eliezer,Mayenda Dossou,Sunderland,FWD,5.5,0,0,0,0,0,0,0.0,0.0,0.0,0.0,0.00,0.00,0.00,0.00
Ahmed,Abdullahi,Sunderland,FWD,4.5,0,0,0,0,0,0,0.0,0.0,0.0,0.0,0.00,0.00,0.00,0.00
Luís Hemir,Silva Semedo,Sunderland,FWD,4.5,0,0,0,0,0,0,0.0,0.0,0.0,0.0,0.00,0.00,0.00,0.00
Nazarii,Rusyn,Sunderland,FWD,4.5,0,0,0,0,0,0,0.0,0.0,0.0,0.0,0.00,0.00,0.00,0.00
Granit,Xhaka,Sunderland,MID,5.0,0,0,0,0,0,0,0.0,0.0,0.0,0.0,0.00,0.00,0.00,0.00
Robin,Roefs,Sunderland,GKP,4.5,0,0,0,0,0,0,0.0,0.0,0.0,0.0,0.00,0.00,0.00,0.00
Arthur,Masuaku,Sunderland,DEF,4.0,0,0,0,0,0,0,0.0,0.0,0.0,0.0,0.00,0.00,0.00,0.00
Omar,Alderete,Sunderland,DEF,4.0,0,0,0,0,0,0,0.0,0.0,0.0,0.0,0.00,0.00,0.00,0.00
Guglielmo,Vicario,Spurs,GKP,5.0,2160,0,0,4,2,293,587.8,0.0,0.0,58.5,0.00,0.00,0.00,33.60
Brandon,Austin,Spurs,GKP,4.0,90,0,0,0,0,7,20.0,0.0,0.0,2.0,0.00,0.00,0.00,2.53
Antonín,Kinský,Spurs,GKP,4.0,540,0,0,1,0,86,208.2,10.1,0.0,21.7,0.00,0.01,0.01,11.80
Pedro,Porro Sauceda,Spurs,DEF,5.5,2606,2,6,6,6,456,778.4,932.9,200.0,191.2,1.63,4.71,6.34,49.37
Cristian,Romero,Spurs,DEF,5.0,1416,1,1,3,3,245,343.2,113.1,232.0,69.0,1.52,0.81,2.33,19.31
Kevin,Danso,Spurs,DEF,4.5,842,0,0,1,0,104,242.0,34.4,72.0,34.9,0.40,0.12,0.52,17.19
Ben,Davies,Spurs,DEF,4.5,1329,0,0,3,0,154,343.6,42.1,49.0,43.7,0.27,0.50,0.77,25.79
Radu,Drăgușin,Spurs,DEF,4.5,1250,0,0,2,0,96,256.4,58.1,47.0,36.2,0.13,0.16,0.29,28.59
Djed,Spence,Spurs,DEF,4.5,1790,1,2,3,6,216,433.0,226.6,100.0,76.1,0.58,1.41,1.99,34.79
Destiny,Udogie,Spurs,DEF,4.5,1923,0,1,2,0,233,354.8,256.5,132.0,74.5,0.31,1.22,1.53,33.28
Micky,van de Ven,Spurs,DEF,4.5,1014,0,2,2,2,139,212.0,39.4,57.0,30.9,0.54,0.70,1.24,13.28
Ashley,Phillips,Spurs,DEF,4.0,0,0,0,0,0,0,0.0,0.0,0.0,0.0,0.00,0.00,0.00,0.00
Takai,Kōta,Spurs,DEF,4.0,0,0,0,0,0,0,0.0,0.0,0.0,0.0,0.00,0.00,0.00,0.00
Luka,Vušković,Spurs,DEF,4.0,0,0,0,0,0,0,0.0,0.0,0.0,0.0,0.00,0.00,0.00,0.00
Son,Heung-min,Spurs,MID,8.5,2106,7,10,4,12,543,629.6,734.9,707.0,207.2,7.25,4.97,12.22,37.99
Brennan,Johnson,Spurs,MID,7.0,2171,11,6,2,13,461,559.6,295.0,761.0,161.0,10.75,1.99,12.74,38.88
James,Maddison,Spurs,MID,7.0,1799,9,8,6,15,592,683.4,702.3,495.0,187.8,5.54,5.92,11.46,32.39
Mohammed,Kudus,Spurs,MID,6.5,2589,5,4,7,5,373,471.6,552.5,752.0,177.5,6.97,2.67,9.64,43.46
Dejan,Kulusevski,Spurs,MID,6.5,2386,7,4,6,9,426,613.6,843.8,733.0,218.7,4.06,4.03,8.09,42.39
Mathys,Tel,Spurs,MID,6.5,908,2,2,2,2,151,183.8,208.3,236.0,62.3,2.96,1.55,4.51,17.39
Rodrigo,Bentancur,Spurs,MID,5.5,1640,2,0,3,1,293,324.6,208.5,165.0,70.2,1.36,1.02,2.38,26.87
Lucas,Bergvall,Spurs,MID,5.5,1200,0,2,3,0,216,237.2,218.7,97.0,55.0,0.71,0.82,1.53,24.33
Yves,Bissouma,Spurs,MID,5.5,1396,2,0,3,4,258,283.8,133.8,59.0,48.0,0.64,0.48,1.12,26.38
Wilson,Odobert,Spurs,MID,5.5,843,1,0,1,3,92,101.2,108.6,156.0,36.7,1.63,0.76,2.39,16.29
Manor,Solomon,Spurs,MID,5.5,0,0,0,0,0,0,0.0,0.0,0.0,0.0,0.00,0.00,0.00,0.00
Bryan,Gil Salvatierra,Spurs,MID,5.0,0,0,0,0,0,0,0.0,0.0,0.0,0.0,0.00,0.00,0.00,0.00
Archie,Gray,Spurs,MID,5.0,1750,0,0,2,0,253,254.6,71.4,15.0,34.3,0.03,0.19,0.22,37.33
Mikey,Moore,Spurs,MID,5.0,359,0,2,0,0,51,33.2,45.2,34.0,11.0,0.20,0.56,0.76,6.87
Pape Matar,Sarr,Spurs,MID,5.0,1901,3,2,2,4,365,398.4,257.2,220.0,87.2,3.72,0.78,4.50,36.38
Yang,Min-hyeok,Spurs,MID,4.5,0,0,0,0,0,0,0.0,0.0,0.0,0.0,0.00,0.00,0.00,0.00
Callum,Olusesi,Spurs,MID,4.5,0,0,0,0,0,0,0.0,0.0,0.0,0.0,0.00,0.00,0.00,0.00
Dominic,Solanke-Mitchell,Spurs,FWD,7.5,2199,9,5,4,7,404,505.8,199.8,729.0,142.1,10.89,1.13,12.02,40.14
Richarlison,de Andrade,Spurs,FWD,6.5,497,4,1,1,0,138,180.8,57.1,243.0,47.4,3.71,0.60,4.31,7.29
Will,Lankshear,Spurs,FWD,4.5,10,0,0,0,0,7,0.0,0.0,0.0,0.0,0.00,0.00,0.00,0.02
Dane,Scarlett,Spurs,FWD,4.5,31,0,1,0,0,20,24.4,11.0,17.0,5.2,0.04,0.00,0.04,0.83
João Maria,Lobo Alves Palhares Costa Palhinha Gonçalves,Spurs,MID,5.5,0,0,0,0,0,0,0.0,0.0,0.0,0.0,0.00,0.00,0.00,0.00
Alphonse,Areola,West Ham,GKP,4.5,2259,0,0,4,1,261,619.8,0.0,0.0,62.1,0.00,0.00,0.00,37.78
Wes,Foderingham,West Ham,GKP,4.0,0,0,0,0,0,0,0.0,0.0,0.0,0.0,0.00,0.00,0.00,0.00
Krisztián,Hegyi,West Ham,GKP,4.0,0,0,0,0,0,0,0.0,0.0,0.0,0.0,0.00,0.00,0.00,0.00
El Hadji Malick,Diouf,West Ham,DEF,4.5,0,0,0,0,0,0,0.0,0.0,0.0,0.0,0.00,0.00,0.00,0.00
Emerson,Palmieri dos Santos,West Ham,DEF,4.5,2108,2,1,5,4,219,420.4,310.9,173.0,90.4,1.95,2.19,4.14,37.51
Maximilian,Kilman,West Ham,DEF,4.5,3348,0,1,6,5,395,832.6,203.3,149.0,118.8,1.55,1.19,2.74,59.71
Konstantinos,Mavropanos,West Ham,DEF,4.5,2035,0,0,2,4,234,497.0,74.9,160.0,73.2,1.61,0.39,2.00,37.11
Nayef,Aguerd,West Ham,DEF,4.5,0,0,0,0,0,0,0.0,0.0,0.0,0.0,0.00,0.00,0.00,0.00
Ollie,Scarles,West Ham,DEF,4.5,659,0,0,2,2,98,106.4,54.3,24.0,18.6,0.11,0.18,0.29,10.12
Jean-Clair,Todibo,West Ham,DEF,4.5,1824,0,0,5,1,233,373.0,37.1,35.0,44.5,0.36,0.06,0.42,29.86
Aaron,Wan-Bissaka,West Ham,DEF,4.5,3154,2,6,6,15,496,807.4,531.5,188.0,152.7,1.18,2.75,3.93,56.95
Kaelan,Casey,West Ham,DEF,4.0,1,0,0,0,0,3,2.0,0.0,0.0,0.2,0.00,0.00,0.00,0.09
Lucas,Tolentino Coelho de Lima,West Ham,MID,6.0,2374,4,1,4,5,375,433.2,627.7,267.0,132.6,5.36,3.36,8.72,43.32
Tomáš,Souček,West Ham,MID,6.0,2563,9,2,7,15,442,672.6,231.8,643.0,154.0,6.60,1.27,7.87,44.29
James,Ward-Prowse,West Ham,MID,6.0,1433,1,2,5,2,293,282.4,378.3,138.0,80.0,1.59,2.68,4.27,19.29
Crysencio,Summerville,West Ham,MID,5.5,776,1,1,2,2,129,156.4,246.1,186.0,58.7,1.61,1.71,3.32,17.58
Edson,Álvarez Velázquez,West Ham,MID,5.0,1769,0,1,3,0,221,281.8,213.9,51.0,54.7,0.39,0.89,1.28,30.15
Maxwel,Cornet,West Ham,MID,5.0,71,0,0,0,0,12,11.6,3.5,7.0,2.2,0.16,0.00,0.16,1.79
Guido,Rodríguez,West Ham,MID,5.0,1147,0,1,4,0,193,205.4,79.7,29.0,31.5,0.22,0.17,0.39,20.67
Luis Guilherme,Lira dos Santos,West Ham,MID,5.0,139,0,0,0,0,47,27.6,49.1,32.0,10.8,0.42,0.13,0.55,2.61
George,Earthy,West Ham,MID,4.5,0,0,0,0,0,0,0.0,0.0,0.0,0.0,0.00,0.00,0.00,0.00
Andy,Irving,West Ham,MID,4.5,161,0,0,0,0,38,37.6,26.5,17.0,8.1,0.13,0.12,0.25,4.48
Lewis,Orford,West Ham,MID,4.5,47,0,0,0,0,13,6.4,27.6,6.0,4.0,0.03,0.04,0.07,1.23
Freddie,Potts,West Ham,MID,4.5,0,0,0,0,0,0,0.0,0.0,0.0,0.0,0.00,0.00,0.00,0.00
Jarrod,Bowen,West Ham,FWD,8.0,2974,13,11,8,21,678,903.0,737.8,1081.0,271.9,8.60,6.47,15.07,51.12
Niclas,Füllkrug,West Ham,FWD,6.0,783,3,2,2,3,152,187.2,173.3,221.0,56.8,2.14,0.47,2.61,14.22
Callum,Marshall,West Ham,FWD,4.5,0,0,0,0,0,0,0.0,0.0,0.0,0.0,0.00,0.00,0.00,0.00
Kyle,Walker-Peters,West Ham,DEF,4.5,0,0,0,0,0,0,0.0,0.0,0.0,0.0,0.00,0.00,0.00,0.00
Callum,Wilson,West Ham,FWD,6.0,0,0,0,0,0,0,0.0,0.0,0.0,0.0,0.00,0.00,0.00,0.00
Mads,Hermansen,West Ham,GKP,4.5,0,0,0,0,0,0,0.0,0.0,0.0,0.0,0.00,0.00,0.00,0.00
Sam,Johnstone,Wolves,GKP,4.5,630,0,0,0,0,42,193.8,10.0,0.0,20.4,0.00,0.00,0.00,12.98
José,Malheiro de Sá,Wolves,GKP,4.5,2610,0,0,7,4,305,603.4,30.0,0.0,63.4,0.00,0.01,0.01,42.22
Daniel,Bentley,Wolves,GKP,4.0,180,0,0,1,1,29,60.0,0.0,0.0,6.0,0.00,0.00,0.00,3.01
Tom,King,Wolves,GKP,4.0,1,0,0,0,0,3,0.0,0.0,0.0,0.0,0.00,0.00,0.00,0.14
Emmanuel,Agbadou,Wolves,DEF,4.5,1410,1,0,4,1,223,395.2,57.3,67.0,52.0,0.90,0.32,1.22,23.12
Matt,Doherty,Wolves,DEF,4.5,2105,2,1,6,4,307,502.2,179.9,135.0,81.8,1.12,1.24,2.36,32.68
Hugo,Bueno López,Wolves,DEF,4.5,0,0,0,0,0,0,0.0,0.0,0.0,0.0,0.00,0.00,0.00,0.00
Yerson,Mosquera Valdelamar,Wolves,DEF,4.5,441,0,0,0,0,24,110.2,27.3,21.0,16.0,0.33,0.03,0.36,5.63
Rodrigo,Martins Gomes,Wolves,DEF,4.5,794,2,0,1,0,183,186.6,180.2,113.0,47.6,0.72,0.87,1.59,16.09
Santiago,Ignacio Bueno,Wolves,DEF,4.5,1678,0,0,5,2,174,345.4,15.8,80.0,44.2,0.45,0.10,0.55,29.40
Toti,Gomes,Wolves,DEF,4.5,2613,0,1,8,8,370,617.2,144.2,102.0,86.5,0.73,0.60,1.33,41.65
Ki-Jana,Hoever,Wolves,DEF,4.0,0,0,0,0,0,0,0.0,0.0,0.0,0.0,0.00,0.00,0.00,0.00
Bastien,Meupiyou Menadjou,Wolves,DEF,4.0,0,0,0,0,0,0,0.0,0.0,0.0,0.0,0.00,0.00,0.00,0.00
Pedro,Cardoso de Lima,Wolves,DEF,4.0,69,0,0,0,0,9,23.4,34.8,11.0,6.9,0.06,0.10,0.16,0.77
Alfie,Pond,Wolves,DEF,4.0,1,0,0,0,0,3,0.0,0.0,0.0,0.0,0.00,0.00,0.00,0.00
Hwang,Hee-chan,Wolves,MID,6.0,646,2,1,0,0,130,111.6,72.7,84.0,26.7,0.79,0.35,1.14,12.57
André,Trindade da Costa Neto,Wolves,MID,5.5,2472,0,0,7,1,436,383.2,285.5,30.0,69.7,0.41,0.52,0.93,40.79
Jean-Ricner,Bellegarde,Wolves,MID,5.5,1666,2,7,6,5,332,355.6,422.8,200.0,97.2,1.46,2.74,4.20,26.55
Fer,López González,Wolves,MID,5.5,0,0,0,0,0,0,0.0,0.0,0.0,0.0,0.00,0.00,0.00,0.00
João Victor,Gomes da Silva,Wolves,MID,5.5,2975,3,1,6,7,489,513.4,428.9,231.0,117.3,2.94,2.61,5.55,49.50
Gonçalo Manuel,Ganchinho Guedes,Wolves,MID,5.5,979,2,4,3,2,187,215.8,213.9,217.0,64.0,3.28,0.92,4.20,18.83
Marshall,Munetsi,Wolves,MID,5.5,1077,2,2,5,4,134,176.8,132.9,212.0,52.3,3.32,1.08,4.39,14.59
Boubacar,Traoré,Wolves,MID,5.0,1,0,0,0,0,3,4.0,0.0,0.0,0.4,0.00,0.00,0.00,0.00
Tawanda,Chirewa,Wolves,MID,4.5,0,0,0,0,0,0,0.0,0.0,0.0,0.0,0.00,0.00,0.00,0.00
Tom,Edozie,Wolves,MID,4.5,0,0,0,0,0,0,0.0,0.0,0.0,0.0,0.00,0.00,0.00,0.00
Enso,González Medina,Wolves,MID,4.5,0,0,0,0,0,0,0.0,0.0,0.0,0.0,0.00,0.00,0.00,0.00
Joe,Hodge,Wolves,MID,4.5,0,0,0,0,0,0,0.0,0.0,0.0,0.0,0.00,0.00,0.00,0.00
Jørgen,Strand Larsen,Wolves,FWD,6.5,2587,14,4,7,17,570,646.8,303.4,848.0,179.5,10.14,1.00,11.14,43.94
Fábio,Soares Silva,Wolves,FWD,5.0,0,0,0,0,0,0,0.0,0.0,0.0,0.0,0.00,0.00,0.00,0.00
Saša,Kalajdžić,Wolves,FWD,5.0,0,0,0,0,0,0,0.0,0.0,0.0,0.0,0.00,0.00,0.00,0.00
Leon,Chiwome,Wolves,FWD,4.5,0,0,0,0,0,0,0.0,0.0,0.0,0.0,0.00,0.00,0.00,0.00
Nathan,Fraser,Wolves,FWD,4.5,0,0,0,0,0,0,0.0,0.0,0.0,0.0,0.00,0.00,0.00,0.00
Jhon,Arias,Wolves,MID,5.5,0,0,0,0,0,0,0.0,0.0,0.0,0.0,0.00,0.00,0.00,0.00
David,Møller Wolfe,Wolves,DEF,4.5,0,0,0,0,0,0,0.0,0.0,0.0,0.0,0.00,0.00,0.00,0.00
